Document,FinBERT_Negative,FinBERT_Neutral,FinBERT_Positive,LM_Positive,LM_Negative,LM_Polarity,LM_Subjectivity,VADER_Negative,VADER_Neutral,VADER_Positive,VADER_Compound,SBN_Negative,SBN_Neutral,SBN_Positive,SBN_Compound,COVID_Related_Frequency,COVID_Contextual_Positive_Frequency,COVID_Contextual_Negative_Frequency,Sentence
AAPL,0.20077046387149652,0.6096980640930789,0.1895314719478943,0.16541353383458646,0.48120300751879697,-0.16992469270686605,0.03530674601338943,0.07314285714285713,0.7948195488721804,0.1320375939849624,0.16520075187969926,0.07434586466165413,0.5976015037593985,0.32803007518796995,0.30542556390977443,0.045112781954887216,0.03759398496240601,0.03759398496240601,133
ABBV,0.12529048113159108,0.6086379103698778,0.26607160703262267,0.38848920863309355,0.2697841726618705,0.06894479081739369,0.03545933428848629,0.03851079136690647,0.7670791366906474,0.19439208633093524,0.3517165467625899,0.05277697841726619,0.5898741007194245,0.3573453237410072,0.3571003597122302,0.08992805755395683,0.08273381294964029,0.03597122302158273,278
ABT,0.14761325391239977,0.5771669082730861,0.27521983622388896,0.2222222222222222,0.2962962962962963,-0.04790119397260349,0.030115064752297173,0.04938271604938271,0.7903580246913581,0.15283456790123456,0.22181728395061728,0.06832592592592593,0.5897753086419754,0.3344913580246913,0.2697743209876543,0.1308641975308642,0.10123456790123457,0.0691358024691358,405
ACN,0.21428981823211704,0.5260488300711256,0.25966135302177545,0.3116883116883117,0.2683982683982684,0.06565649488944106,0.03862951349730869,0.038515151515151516,0.8078095238095239,0.15367099567099565,0.2707813852813853,0.06013419913419914,0.588017316017316,0.35183982683982684,0.31778181818181817,0.06060606060606061,0.030303030303030304,0.021645021645021644,231
ADBE,0.11282415563756651,0.6445484522799332,0.24262739161683902,0.4228187919463087,0.22483221476510068,0.12136455845992178,0.03295453358883614,0.029130872483221475,0.7818187919463088,0.1890503355704698,0.3492681208053691,0.046124161073825505,0.5730939597315436,0.38081208053691273,0.38028590604026846,0.03355704697986577,0.020134228187919462,0.02348993288590604,298
ADI,0.21559327087309926,0.6915613333808213,0.09284539739130786,0.17966101694915254,0.3593220338983051,-0.1262710777896494,0.029959431469448877,0.053216949152542374,0.8049288135593221,0.14185762711864405,0.2076671186440678,0.07285084745762711,0.5897728813559322,0.3374169491525424,0.2870410169491525,0.03728813559322034,0.02711864406779661,0.03389830508474576,295
ADP,0.16391828633578762,0.5865361716408206,0.24954554634548876,0.3684210526315789,0.4251012145748988,-0.05427550004116428,0.035251953040024174,0.05124291497975709,0.7488340080971659,0.19988663967611336,0.3634283400809717,0.0701255060728745,0.5564858299595141,0.3733805668016194,0.3904748987854251,0.08906882591093117,0.07692307692307693,0.048582995951417005,247
AMAT,0.20939415285715693,0.6101744911157153,0.18043135328473164,0.24838709677419354,0.35161290322580646,-0.031167423337324664,0.02981200012965923,0.05373225806451613,0.7685387096774194,0.17774193548387096,0.28413064516129033,0.0675483870967742,0.5859967741935483,0.34648709677419354,0.3478877419354839,0.06774193548387097,0.05161290322580645,0.03870967741935484,310
AMD,0.15702499142261567,0.5473556198628137,0.2956193855239285,0.4036144578313253,0.22289156626506024,0.0642570028781884,0.03788882771682793,0.05490963855421687,0.8016807228915663,0.1433855421686747,0.19392048192771086,0.054602409638554214,0.5588072289156627,0.3865602409638554,0.3391024096385542,0.030120481927710843,0.018072289156626505,0.012048192771084338,166
AMGN,0.18946388172617062,0.5854590542781419,0.22507706263653038,0.23243243243243245,0.3054054054054054,-0.04054051554055817,0.03196680639529081,0.07072162162162163,0.7694243243243244,0.15715135135135136,0.20780756756756757,0.08714594594594595,0.5622567567567568,0.34787027027027023,0.2889408108108108,0.08108108108108109,0.051351351351351354,0.04864864864864865,370
AMZN,0.17804650184826568,0.5885487989770299,0.23340470061013732,0.3031674208144796,0.27149321266968324,-0.019456983552068083,0.02779611797062458,0.046755656108597284,0.80320814479638,0.1455158371040724,0.25887104072398187,0.05894570135746606,0.5189321266968325,0.4176108597285068,0.3969334841628959,0.09049773755656108,0.04072398190045249,0.04072398190045249,221
AVGO,0.20579232843944206,0.5797425735731813,0.2144650987228956,0.2519893899204244,0.35543766578249336,-0.028381960335030914,0.0327665110624892,0.04286737400530504,0.7729522546419099,0.18417506631299735,0.3089344827586207,0.06794960212201592,0.5544137931034483,0.3776472148541114,0.3430567639257295,0.029177718832891247,0.021220159151193633,0.015915119363395226,377
AXP,0.1619060944286034,0.6980865253530668,0.14000737844881686,0.3689759036144578,0.6265060240963856,-0.06943365480276115,0.03845662389128476,0.07884789156626505,0.7437018072289157,0.17745481927710843,0.24169804216867471,0.08750150602409638,0.5631189759036145,0.34939156626506024,0.31033900602409636,0.04216867469879518,0.03313253012048193,0.025602409638554216,664
BA,0.35521488977734994,0.43745046074831895,0.20733465213091432,0.2149390243902439,0.48628048780487804,-0.16402426686494406,0.047296463007002194,0.07463719512195123,0.7856570121951219,0.13971189024390243,0.13635182926829267,0.09273323170731707,0.5787560975609756,0.3285121951219512,0.23524268292682926,0.10060975609756098,0.056402439024390245,0.07926829268292683,656
BAC,0.141997443868978,0.7184847873685882,0.13951776900692864,0.15139949109414758,0.5756997455470738,-0.1879219519140739,0.035766565548532414,0.09291984732824426,0.7426730279898218,0.16439821882951655,0.19078982188295165,0.10723346055979643,0.5655706106870229,0.3271984732824427,0.23327258269720103,0.06743002544529263,0.05089058524173028,0.04007633587786259,1572
BKNG,0.315553711203501,0.5147714307046108,0.16967485860177425,0.30458715596330277,0.636697247706422,-0.14661414881635934,0.04525852111754246,0.05511009174311927,0.7934788990825689,0.15141467889908258,0.2262732110091743,0.08345137614678899,0.6094770642201836,0.30708073394495417,0.2703062385321101,0.1706422018348624,0.12477064220183487,0.10458715596330276,545
BLK,0.10598190078120276,0.7472793865850111,0.14673871406644934,0.23674242424242425,0.26515151515151514,-0.014863712557537243,0.024549917084533527,0.03964962121212121,0.7761439393939393,0.18230681818181818,0.3350840909090909,0.06177651515151516,0.5623068181818183,0.37402651515151514,0.3672251893939394,0.01893939393939394,0.00946969696969697,0.00946969696969697,528
BMY,0.13185750208113614,0.5770710338432771,0.29107146458505595,0.2864321608040201,0.38023450586264657,-0.04941369464455726,0.036729809844859906,0.054350083752093804,0.784608040201005,0.16102680067001673,0.24242294807370182,0.06563986599664991,0.612108877721943,0.32226968174204357,0.29119346733668344,0.06532663316582915,0.05025125628140704,0.038525963149078725,597
BRK-B,0.35365419832793377,0.40307318814878773,0.2432726137709449,0.16905071521456436,0.8686605981794538,-0.32699836246859876,0.06631571049193188,0.1055071521456437,0.7429505851755526,0.15154616384915476,0.08751066319895968,0.12849154746423927,0.5367568270481144,0.33474252275682703,0.17419557867360208,0.0741222366710013,0.044213263979193757,0.053315994798439535,769
BSX,0.21621101433391593,0.6259530634631084,0.15783592374339103,0.22107438016528927,0.6466942148760331,-0.24224748189851195,0.04099293566009051,0.054873966942148765,0.7956818181818182,0.1494297520661157,0.22197438016528925,0.08556611570247934,0.5679504132231404,0.3464586776859504,0.26651735537190085,0.09710743801652892,0.05578512396694215,0.0371900826446281,484
BX,0.16006625012820772,0.6576150182446096,0.1823187293980851,0.18773006134969325,0.3337423312883436,-0.04458195421183176,0.023482780926867147,0.03379754601226994,0.7888748466257669,0.17609938650306747,0.310040736196319,0.05741349693251534,0.5878552147239263,0.35350920245398776,0.32598233128834353,0.04171779141104295,0.03680981595092025,0.02822085889570552,815
CAT,0.32518050931362585,0.5240549192560582,0.1507645716808749,0.3088235294117647,0.36437908496732024,-0.04186009607793941,0.03712666183765277,0.06440686274509805,0.7313529411764707,0.1682875816993464,0.22863055555555556,0.07844934640522876,0.5352875816993464,0.3503300653594771,0.25543006535947715,0.02287581699346405,0.0196078431372549,0.004901960784313725,612
CB,0.1820786874573562,0.6817401801646681,0.13618113108106558,0.2853628536285363,1.3025830258302582,-0.2905579861349241,0.06805161032967146,0.11209348093480935,0.7412939729397294,0.14536777367773676,0.05641931119311193,0.12215129151291512,0.5473271832718327,0.32930258302583026,0.19234698646986467,0.055350553505535055,0.041820418204182044,0.04428044280442804,813
CI,0.18098001110029743,0.6369071021614657,0.18211288978806237,0.29540481400437635,0.437636761487965,-0.08409110964021996,0.0343469648733924,0.07380087527352297,0.757089715536105,0.16910940919037198,0.2361800875273523,0.09144201312910284,0.5640722100656456,0.3444989059080963,0.2950542669584245,0.13347921225382933,0.12035010940919037,0.061269146608315096,457
CMCSA,0.2661767132799085,0.5656724143417994,0.1681508738987043,0.13725490196078433,0.34509803921568627,-0.12203850109884805,0.025017703269148647,0.04149019607843137,0.8117980392156863,0.1467176470588235,0.24469019607843137,0.06260588235294118,0.6005823529411766,0.3368274509803922,0.3055850980392157,0.11568627450980393,0.0784313725490196,0.047058823529411764,510
COP,0.2349699667310617,0.5972275733158701,0.1678024599375263,0.22802547770700637,0.5949044585987261,-0.21576568387233688,0.05586659890114314,0.08037707006369427,0.7650955414012739,0.15326369426751593,0.14342878980891718,0.10695541401273885,0.5342509554140127,0.3574993630573248,0.23017312101910828,0.017834394904458598,0.005095541401273885,0.012738853503184714,785
COST,0.2463632861605089,0.5017342376445538,0.25190247211461236,0.34806629834254144,0.2541436464088398,0.04327804961636436,0.03935158257967973,0.05264088397790055,0.7792154696132597,0.16817127071823204,0.22016298342541435,0.05943093922651933,0.5622707182320442,0.37831491712707177,0.3124767955801105,0.11602209944751381,0.0718232044198895,0.049723756906077346,181
CRM,0.11101741587865303,0.6310827674313647,0.2578998152746773,0.3235294117647059,0.16993464052287582,0.1019607023748009,0.03206727595472393,0.024313725490196076,0.791297385620915,0.18437908496732028,0.3458130718954248,0.04280392156862745,0.5776797385620915,0.3795392156862745,0.38523496732026147,0.0196078431372549,0.00980392156862745,0.016339869281045753,306
CSCO,0.24400827252424478,0.553852643998006,0.2021390881410913,0.19142857142857142,0.44,-0.16076177545091014,0.03838509128706749,0.05026571428571429,0.7710914285714285,0.1757942857142857,0.2646282857142857,0.06568285714285714,0.5323942857142857,0.39910285714285715,0.35525542857142856,0.04857142857142857,0.04,0.017142857142857144,350
CVS,0.19147211253245805,0.6134455375436787,0.19508234978199512,0.30998248686514884,0.5411558669001751,-0.08447165109934393,0.044387288550299525,0.04807880910683012,0.7782889667250438,0.17362171628721543,0.2895168126094571,0.07664098073555166,0.5850665499124343,0.33831173380035023,0.3100723292469352,0.19089316987740806,0.1681260945709282,0.0647985989492119,571
DHR,0.20215111852499934,0.5736202275406975,0.2242286542256173,0.2376470588235294,0.4258823529411765,-0.12235284809158316,0.03163491045073311,0.059868235294117646,0.773995294117647,0.16614352941176472,0.2874708235294118,0.07785882352941177,0.5980494117647058,0.32406117647058824,0.3163298823529412,0.10823529411764705,0.08,0.08235294117647059,425
DIS,0.29437516640809525,0.5240836839118266,0.1815411467938673,0.2684085510688836,0.6175771971496437,-0.1779399133418546,0.037460038150690475,0.05798812351543943,0.7815653206650831,0.16042992874109263,0.23378194774346794,0.09322802850356295,0.5715296912114014,0.3352304038004751,0.2970232779097387,0.08788598574821853,0.07363420427553444,0.052256532066508314,421
ELV,0.17052928702136086,0.6616195301255904,0.16785118363966997,0.3157894736842105,0.5131578947368421,-0.07683123839739107,0.04669666160130605,0.04460526315789474,0.7798947368421052,0.17550822368421054,0.28953799342105263,0.06888815789473685,0.5832154605263158,0.3478651315789474,0.321172697368421,0.16776315789473684,0.1299342105263158,0.07072368421052631,608
GILD,0.15961091786603185,0.6033092188906479,0.23707985937106588,0.2972027972027972,0.3181818181818182,-0.019105231574289252,0.030535693982807127,0.050800699300699304,0.7883531468531468,0.16082867132867132,0.23489055944055945,0.06821678321678322,0.5834300699300699,0.3483496503496504,0.3322818181818182,0.08391608391608392,0.07342657342657342,0.04195804195804196,286
GOOGL,0.19564928729964653,0.5557164379585205,0.24863427285654158,0.18429003021148035,0.3504531722054381,-0.10574009439417133,0.033330572888280716,0.0399214501510574,0.7807401812688822,0.17934743202416917,0.3104172205438066,0.06461329305135952,0.575631419939577,0.3597522658610272,0.3404664652567976,0.05740181268882175,0.03927492447129909,0.021148036253776436,331
GS,0.10276076983661774,0.7506049643628873,0.14663426511366928,0.1499312242090784,0.3920220082530949,-0.1282078063966731,0.030950252975610347,0.0933060522696011,0.7447840440165061,0.15639339752407153,0.1485296423658872,0.09715955983493811,0.5595598349381018,0.33779160935350755,0.24009463548830812,0.04470426409903714,0.035075653370013754,0.029573590096286108,1454
HD,0.2073040555261976,0.603415648857193,0.1892802972694511,0.1358695652173913,0.29347826086956524,-0.05797100150965393,0.03461377638221433,0.06591847826086956,0.780054347826087,0.1539836956521739,0.16366358695652175,0.09379891304347826,0.5447065217391305,0.36142391304347826,0.20672934782608693,0.02717391304347826,0.016304347826086956,0.016304347826086956,184
HON,0.4348189658369763,0.404607636797909,0.16057339992625178,0.2631578947368421,1.3333333333333333,-0.3518966336051165,0.06734580977943265,0.1028140350877193,0.7480175438596491,0.14916491228070175,0.12487649122807017,0.1192,0.5382701754385966,0.34257543859649126,0.26196526315789476,0.1824561403508772,0.12631578947368421,0.12280701754385964,285
INTC,0.10663737237913429,0.4712695444849818,0.42209308529568695,0.4854368932038835,0.2621359223300971,0.15024259731267584,0.04636623430051293,0.03808495145631068,0.7923300970873787,0.16958980582524272,0.2832271844660194,0.04466747572815534,0.613626213592233,0.3416990291262136,0.330725,0.038834951456310676,0.03155339805825243,0.021844660194174758,412
INTU,0.12955701799446742,0.6828048749315277,0.18763810723469082,0.14634146341463414,0.2508710801393728,-0.05168405637826623,0.02295594549571646,0.04909756097560975,0.7579303135888502,0.19295470383275262,0.29653379790940765,0.05714982578397213,0.5517839721254355,0.3910836236933798,0.3692933797909408,0.020905923344947737,0.017421602787456445,0.013937282229965157,287
ISRG,0.21787173505592292,0.5253150827307415,0.2568131836036482,0.15427769985974754,0.28892005610098176,-0.08120610808093494,0.028417146045825986,0.04057924263674614,0.8191823281907433,0.13601963534361852,0.19462384291725104,0.05984992987377279,0.6537363253856943,0.28221458625525947,0.23539831697054697,0.10518934081346423,0.07152875175315568,0.04908835904628331,713
KO,0.16679570774455935,0.6579960613747613,0.17520823405176716,0.3724696356275304,0.41970310391363025,-0.030212390993205707,0.04771317176757232,0.05095951417004049,0.784140350877193,0.1649122807017544,0.2601148448043185,0.077804318488529,0.5756612685560054,0.34653306342780027,0.2842211875843455,0.044534412955465584,0.032388663967611336,0.02699055330634278,741
LIN,0.21181613507013883,0.5824579949228711,0.20572586997067116,0.2853185595567867,0.3185595567867036,-0.048946481791684184,0.03298525127018942,0.0536398891966759,0.7695041551246538,0.17686149584487534,0.2543157894736842,0.0822409972299169,0.5687285318559557,0.34905817174515236,0.2859684210526316,0.002770083102493075,0.002770083102493075,0.0,361
LLY,0.22079878805386433,0.5543349010667582,0.224866307068751,0.2577777777777778,0.4177777777777778,-0.07499465851552377,0.04106135968196178,0.06702,0.7839222222222222,0.14904444444444442,0.16229133333333332,0.07574666666666666,0.5905377777777778,0.33374,0.26960333333333336,0.12222222222222222,0.08888888888888889,0.06,450
LMT,0.18644294455642252,0.582325406703858,0.23123164931560033,0.3058984910836763,0.2825788751714678,0.026154528597792187,0.03218584272431242,0.039363511659807955,0.7800466392318244,0.18058573388203017,0.3189576131687243,0.06550754458161866,0.5715171467764061,0.3629561042524006,0.3384006858710562,0.04526748971193416,0.027434842249657063,0.02606310013717421,729
LOW,0.18392969331773068,0.5232032585026766,0.29286704507345956,0.2988929889298893,0.3948339483394834,-0.06777361991190323,0.03835670411915051,0.052819188191881916,0.7644833948339483,0.18269372693726937,0.27512841328413284,0.07365682656826568,0.552129151291513,0.374239852398524,0.29343431734317343,0.04428044280442804,0.04059040590405904,0.014760147601476014,271
LRCX,0.17783901223644488,0.689372127236388,0.13278886068107212,0.2245762711864407,0.3305084745762712,-0.07590792509431826,0.030072055655048613,0.057686440677966105,0.7640084745762712,0.17829661016949153,0.2638343220338983,0.07202542372881357,0.5975042372881356,0.3304745762711865,0.3124199152542373,0.01694915254237288,0.012711864406779662,0.01694915254237288,236
MCD,0.23219199839525617,0.624768398937586,0.1430396012426425,0.30622489959839355,0.5301204819277109,-0.07307245739172526,0.046176033349535565,0.06324497991967871,0.7700933734939759,0.16666164658634539,0.24004437751004018,0.08194578313253012,0.5998534136546184,0.31819678714859434,0.2683943775100402,0.04618473895582329,0.023092369477911646,0.02108433734939759,996
MDLZ,0.21045883747466335,0.5016708571150991,0.2878703052007259,0.41291291291291293,0.6066066066066066,-0.0702423640626043,0.04977576096669215,0.05780780780780781,0.7821936936936937,0.15999699699699702,0.24226726726726727,0.0879099099099099,0.5686666666666667,0.3434354354354354,0.27250045045045046,0.07657657657657657,0.06006006006006006,0.04354354354354354,666
MDT,0.2553634497216682,0.47302640038068894,0.27161014946355183,0.3333333333333333,0.4625,-0.0787499387167447,0.0428180619730431,0.04693541666666667,0.7704145833333332,0.18262708333333333,0.2852645833333333,0.07289999999999999,0.6051979166666667,0.3219041666666667,0.27284708333333335,0.14375,0.10208333333333333,0.06458333333333334,480
META,0.15515726522355136,0.6279305819302752,0.21691215156986401,0.16119402985074627,0.3522388059701492,-0.1074626095025521,0.03171012754909979,0.04471044776119403,0.7805611940298507,0.17471940298507463,0.25639432835820897,0.05528358208955224,0.5900119402985075,0.35467164179104477,0.32511940298507463,0.041791044776119404,0.03880597014925373,0.029850746268656716,335
MMC,0.16723780359786292,0.6465880051746473,0.18617419124386467,0.20043572984749455,0.29411764705882354,-0.05475666990684839,0.02884964229940184,0.05147494553376906,0.7908126361655774,0.15771459694989107,0.23031786492374728,0.06840522875816993,0.6129150326797385,0.31871241830065355,0.2664082788671024,0.05228758169934641,0.04139433551198257,0.026143790849673203,459
MRK,0.18592322720898746,0.6180133891573418,0.1960633828523069,0.28751753155680226,0.4375876577840112,-0.079359459643374,0.04071710865846847,0.059127629733520336,0.768796633941094,0.170671809256662,0.253181206171108,0.07518793828892006,0.5720827489481065,0.3513239831697055,0.3144566619915849,0.10799438990182328,0.08274894810659186,0.04628330995792426,713
MS,0.09276876369941696,0.7551845583378884,0.15204667678525488,0.18734177215189873,0.3329113924050633,-0.0654008005319371,0.026630576262935152,0.04778354430379747,0.7129518987341772,0.1671164556962025,0.26324746835443036,0.05421772151898734,0.5313,0.3423379746835443,0.3269313924050633,0.021518987341772152,0.012658227848101266,0.012658227848101266,790
MSFT,0.13769989769520613,0.46982271148540905,0.39247739331654297,0.24376731301939059,0.22160664819944598,0.020036917037565757,0.029285053733495398,0.049975069252077564,0.7416204986149585,0.20562880886426593,0.2933421052631579,0.05938781163434903,0.5289529085872576,0.4088642659279778,0.3420393351800554,0.024930747922437674,0.01662049861495845,0.019390581717451522,361
MU,0.2451863118869505,0.6168484621655161,0.13796522201987627,0.18055555555555555,0.4305555555555556,-0.15432087564309654,0.03467309723691351,0.04525,0.7926388888888889,0.162125,0.27980787037037036,0.07781018518518518,0.5567546296296296,0.3654351851851852,0.30147407407407406,0.027777777777777776,0.023148148148148147,0.009259259259259259,216
NEE,0.1318819717387371,0.7519448005315631,0.11617323136447794,0.17206982543640897,0.33915211970074816,-0.09836512583516502,0.024987201427066355,0.04910972568578554,0.7581546134663342,0.19274314214463842,0.34347855361596014,0.08092768079800498,0.5851122194513716,0.33396508728179547,0.31504139650872814,0.004987531172069825,0.0,0.0024937655860349127,401
NFLX,0.1694036768109072,0.6584176240139641,0.17217870401218532,0.2625,0.2125,0.06458326545145748,0.029460117012527848,0.0474875,0.7801250000000001,0.17235625000000002,0.30098625,0.06517500000000001,0.5562,0.37863125000000003,0.345534375,0.05,0.03125,0.0375,160
NKE,0.2684050907485677,0.533013304066696,0.19858160420694643,0.24116424116424118,0.5218295218295218,-0.16760208973994878,0.03762558534898188,0.05553638253638254,0.8036756756756757,0.1387089397089397,0.21223014553014555,0.07462162162162163,0.5884760914760915,0.3347941787941788,0.30978024948024946,0.08523908523908524,0.06652806652806653,0.05197505197505198,481
NOW,0.15665203088983184,0.6712631690094158,0.17208479853468903,0.21176470588235294,0.24705882352941178,0.011764677859511215,0.026793933638106903,0.038347058823529415,0.829429411764706,0.13221176470588233,0.23060911764705883,0.05437647058823529,0.6211970588235294,0.3244352941176471,0.3165117647058824,0.058823529411764705,0.03235294117647059,0.041176470588235294,340
NVDA,0.20782196334956182,0.616996690458645,0.17518134724693318,0.19553072625698323,0.2737430167597765,-0.05865916876168298,0.027182144697464192,0.05097206703910615,0.7937486033519553,0.15526256983240225,0.22860391061452512,0.051703910614525145,0.605608938547486,0.34270391061452515,0.3241195530726257,0.01675977653631285,0.00558659217877095,0.01675977653631285,179
ORCL,0.18323246321212117,0.6662900096237048,0.1504775302817832,0.14912280701754385,0.3304093567251462,-0.08815087046308259,0.022820529598072403,0.03821637426900585,0.8199093567251462,0.13893567251461988,0.2775324561403509,0.054032163742690056,0.5678508771929824,0.3751900584795322,0.3889950292397661,0.03508771929824561,0.017543859649122806,0.02631578947368421,342
PANW,0.15670851834642027,0.6429376226163791,0.20035385593665878,0.18374558303886926,0.33568904593639576,-0.06054178773460169,0.03135909109924785,0.0529469964664311,0.7807597173144877,0.16628975265017668,0.2706911660777385,0.0635017667844523,0.5698975265017668,0.3666148409893993,0.3425378091872791,0.04946996466431095,0.038869257950530034,0.028268551236749116,283
PEP,0.13270736571985856,0.722099625363784,0.14519300930455525,0.29575021682567215,0.3642671292281006,-0.025226612533762155,0.03257544771085952,0.045311361665221164,0.7659150043365135,0.18878317432784042,0.32300659150043365,0.07092107545533391,0.5757484822202948,0.35331396357328704,0.30726339982653944,0.05290546400693842,0.0372940156114484,0.02515177797051171,1153
PFE,0.1547623770467737,0.6627676510324981,0.18246997179050975,0.41814159292035397,0.4579646017699115,-0.014680770017479777,0.041260229776035016,0.04605530973451327,0.7925508849557522,0.15475442477876106,0.27863252212389383,0.06794469026548672,0.5768628318584071,0.3485442477876106,0.3363528761061947,0.10176991150442478,0.07079646017699115,0.05088495575221239,452
PG,0.1895075241966737,0.4961484580853276,0.31434401722884076,0.3531202435312024,0.3896499238964992,-0.026585465576115356,0.04093313361948454,0.036745814307458144,0.7395433789954338,0.2237229832572298,0.3608512937595129,0.06873972602739725,0.5387092846270929,0.3925296803652968,0.32754946727549467,0.0974124809741248,0.0806697108066971,0.0502283105022831,657
PLD,0.10363886884546705,0.775544658569353,0.12081647152524619,0.2920634920634921,0.2507936507936508,0.014841262541561222,0.027891591507684207,0.06453968253968254,0.7782730158730159,0.15718412698412698,0.22466444444444444,0.08586666666666666,0.572031746031746,0.3420888888888889,0.24328603174603172,0.015873015873015872,0.012698412698412698,0.009523809523809525,315
PM,0.16664735060993366,0.659452070235775,0.17390058010934592,0.21437908496732025,0.46797385620915033,-0.12793234188572192,0.0344763525682449,0.050709803921568625,0.8103542483660131,0.13893986928104576,0.18930915032679738,0.07620522875816993,0.628556862745098,0.2952444444444444,0.22041254901960786,0.07320261437908497,0.054901960784313725,0.044444444444444446,765
QCOM,0.2071989300991926,0.6207472090340322,0.1720538590186172,0.30869565217391304,0.508695652173913,-0.0992103723452261,0.039261608013655344,0.06976521739130434,0.7626652173913044,0.16757391304347827,0.24446347826086956,0.07894782608695652,0.5887,0.33235652173913044,0.2877704347826087,0.08260869565217391,0.06086956521739131,0.06521739130434782,230
REGN,0.14261462213471532,0.6818626504906788,0.17552272389779094,0.5551181102362205,0.33070866141732286,0.08526430543406963,0.04393189836163134,0.039885826771653546,0.7598661417322835,0.19631102362204725,0.35273740157480316,0.04694094488188976,0.5448818897637796,0.404248031496063,0.3958330708661417,0.05905511811023622,0.03937007874015748,0.03543307086614173,254
RTX,0.26562976989938714,0.5478799926649692,0.18649023777982812,0.22422258592471359,0.5957446808510638,-0.15418287457888133,0.038062299654311356,0.040189852700491,0.8001178396072013,0.15969558101472994,0.27713682487725044,0.08031914893617022,0.5720932896890343,0.3476252045826514,0.305643535188216,0.06546644844517185,0.04746317512274959,0.029459901800327332,611
SBUX,0.27481343161045496,0.4812615557153404,0.2439250139255835,0.2616279069767442,0.5145348837209303,-0.1227712350999669,0.03595895559527823,0.04367151162790697,0.7801453488372093,0.17616860465116277,0.3161156976744186,0.07741279069767441,0.581063953488372,0.34150581395348834,0.3173497093023256,0.07848837209302326,0.055232558139534885,0.0377906976744186,344
SCHW,0.12033810226238349,0.6754427282306963,0.20421916928036352,0.18914956011730205,0.27712609970674484,-0.03399314239827004,0.027896838271693397,0.05267008797653959,0.7461099706744868,0.20122140762463345,0.3145472140762463,0.06568475073313783,0.5625601173020528,0.37177712609970676,0.3510549853372434,0.011730205278592375,0.010263929618768328,0.004398826979472141,682
SPGI,0.14049702656308288,0.5235828173722614,0.3359201578652127,0.2993311036789298,0.30267558528428096,-0.007023402091107736,0.03637866173274147,0.030371237458193978,0.7492842809364548,0.21866722408026756,0.3839887959866221,0.06699665551839465,0.5669916387959866,0.36434448160535116,0.36042006688963213,0.02508361204013378,0.016722408026755852,0.021739130434782608,598
SYK,0.2667350798952751,0.5647319992407202,0.16853292616935941,0.22033898305084745,0.3855932203389831,-0.11935018023785404,0.036869420868560286,0.0506864406779661,0.7335169491525424,0.18614406779661016,0.2595385593220339,0.08389830508474577,0.5301567796610169,0.35630084745762713,0.2829088983050847,0.07203389830508475,0.046610169491525424,0.05084745762711865,236
T,0.20996540717496406,0.6013095082489659,0.1887250854077735,0.1614420062695925,0.2884012539184953,-0.0791535399251733,0.02784023722758635,0.036105015673981194,0.8092742946708464,0.15460658307210032,0.2231514106583072,0.055520376175548586,0.6352727272727272,0.30923197492163007,0.25711818181818186,0.034482758620689655,0.0219435736677116,0.017241379310344827,638
TJX,0.21987074177795604,0.522112219799449,0.25801703957111033,0.15328467153284672,0.2956204379562044,-0.052068107327662386,0.02803232305884841,0.03302189781021898,0.8107481751824818,0.1525839416058394,0.24603430656934305,0.05321167883211679,0.6352116788321168,0.30789051094890507,0.2639766423357664,0.0364963503649635,0.025547445255474453,0.021897810218978103,274
TMO,0.17370280773750474,0.4935237490547908,0.33277344540330955,0.4,0.3116279069767442,0.07519373363054944,0.04263331345488977,0.044930232558139535,0.7632837209302326,0.19179069767441861,0.3251613953488372,0.06703720930232558,0.5161674418604651,0.4167255813953489,0.37533906976744186,0.06976744186046512,0.037209302325581395,0.05116279069767442,215
TSLA,0.169479024457674,0.5733936813962216,0.25712729598909106,0.2265625,0.2734375,-0.019184020606193977,0.026225170708150187,0.0325,0.7889791666666667,0.17851822916666668,0.3426559895833334,0.054510416666666665,0.5674166666666667,0.37809635416666665,0.3948578125,0.03125,0.015625,0.0234375,384
TXN,0.19760978605244045,0.5305786141928968,0.271811599810411,0.30985915492957744,0.09859154929577464,0.10328632120505578,0.03113689626306145,0.04647887323943662,0.7547042253521127,0.18474647887323942,0.2608049295774648,0.06457042253521127,0.5345,0.386830985915493,0.3045154929577465,0.02112676056338028,0.014084507042253521,0.007042253521126761,142
UBER,0.2155231300380922,0.5929176780605508,0.19155919027604884,0.2832980972515856,0.6596194503171248,-0.1737970471312376,0.04625634112904047,0.06034672304439746,0.7572325581395348,0.1824291754756871,0.2967158562367865,0.08551797040169133,0.5791374207188161,0.3353551797040169,0.3268143763213531,0.06976744186046512,0.05919661733615222,0.042283298097251586,473
UNH,0.16865328867995255,0.5692725066045249,0.26207420468615655,0.2972972972972973,0.26576576576576577,-0.004504488363384731,0.02879953402816395,0.0485990990990991,0.7576216216216216,0.19376576576576576,0.33211621621621623,0.062085585585585586,0.5780315315315315,0.3598738738738739,0.34304054054054056,0.23873873873873874,0.1981981981981982,0.06756756756756757,222
UNP,0.23818606720009758,0.5736792950722704,0.1881346384587084,0.3075,0.455,-0.06390147756074928,0.04684593199266532,0.072585,0.7678425,0.1595925,0.18860849999999998,0.10005750000000001,0.5791975,0.3207425,0.23364274999999998,0.0875,0.05,0.0475,400
UPS,0.19694181169956032,0.5076441066710493,0.29541408110912726,0.3495575221238938,0.34513274336283184,-0.028857473730123512,0.036979652446863395,0.03754646017699115,0.7538362831858406,0.20639380530973453,0.37770730088495574,0.07140707964601771,0.5479070796460177,0.3784579646017699,0.349425,0.05530973451327434,0.03761061946902655,0.01991150442477876,452
V,0.17917250333105927,0.6974019356428754,0.12342556187423406,0.23795180722891565,0.4126506024096386,-0.09216861187086794,0.04410354296265073,0.06755421686746989,0.7833885542168674,0.1460421686746988,0.17268614457831324,0.07444578313253013,0.6148795180722891,0.30767168674698797,0.23338614457831325,0.02710843373493976,0.012048192771084338,0.006024096385542169,332
VRTX,0.13845046060378569,0.5773242653516315,0.2842252725304023,0.4013377926421405,0.3110367892976589,0.09264205953742063,0.03920268363785513,0.03740802675585284,0.7746153846153847,0.1879799331103679,0.33760200668896323,0.053471571906354515,0.5379498327759198,0.4085551839464883,0.40343779264214047,0.09698996655518395,0.07023411371237458,0.046822742474916385,299
VZ,0.17087934858306017,0.5835124167997838,0.2456082354861069,0.28257686676427524,0.3411420204978038,-0.024492768381520213,0.03691150993337099,0.04638213762811127,0.7854509516837481,0.16670424597364566,0.27101288433382137,0.06843338213762812,0.5455490483162518,0.38453440702781844,0.32819033674963394,0.08784773060029283,0.06734992679355783,0.048316251830161056,683
WMT,0.23698537076795193,0.5489973912721104,0.2140172393188219,0.27927927927927926,0.33633633633633636,-0.013113118873859885,0.035590388772666,0.04402402402402403,0.7708618618618619,0.1820810810810811,0.3098444444444445,0.06907807807807807,0.5643813813813814,0.36354354354354357,0.3356327327327327,0.006006006006006006,0.003003003003003003,0.003003003003003003,333
