Date,Close,Ticker
2020-06-01 00:00:00-04:00,140.4322967529297,MMM
2021-06-01 00:00:00-04:00,176.88668823242188,MMM
2020-06-01 00:00:00-04:00,45.78361129760742,AOS
2021-06-01 00:00:00-04:00,68.62183380126953,AOS
2020-06-01 00:00:00-04:00,102.7030258178711,ABT
2021-06-01 00:00:00-04:00,110.39505004882812,ABT
2020-06-01 00:00:00-04:00,81.62277221679688,ABBV
2021-06-01 00:00:00-04:00,100.85929870605469,ABBV
2020-06-01 00:00:00-04:00,307.6199951171875,ABMD
2021-06-01 00:00:00-04:00,312.1099853515625,ABMD
2020-06-01 00:00:00-04:00,227.5885009765625,ACN
2021-06-01 00:00:00-04:00,283.5878601074219,ACN
2020-06-01 00:00:00-04:00,40.892845153808594,ADM
2021-06-01 00:00:00-04:00,56.92486572265625,ADM
2020-06-01 00:00:00-04:00,513.3900146484375,ADBE
2021-06-01 00:00:00-04:00,585.6400146484375,ADBE
2020-06-01 00:00:00-04:00,144.18902587890625,AAP
2021-06-01 00:00:00-04:00,190.41456604003906,AAP
2020-06-01 00:00:00-04:00,90.81999969482422,AMD
2021-06-01 00:00:00-04:00,93.93000030517578,AMD
2020-06-01 00:00:00-04:00,15.88209342956543,AES
2021-06-01 00:00:00-04:00,24.005447387695312,AES
2020-06-01 00:00:00-04:00,33.285552978515625,AFL
2021-06-01 00:00:00-04:00,50.51892852783203,AFL
2020-06-01 00:00:00-04:00,97.96707153320312,A
2021-06-01 00:00:00-04:00,145.22088623046875,A
2020-06-01 00:00:00-04:00,268.0387878417969,APD
2021-06-01 00:00:00-04:00,269.2972106933594,APD
2020-06-01 00:00:00-04:00,116.43000030517578,AKAM
2021-06-01 00:00:00-04:00,116.5999984741211,AKAM
2020-06-01 00:00:00-04:00,38.95000076293945,ALK
2021-06-01 00:00:00-04:00,60.310001373291016,ALK
2020-06-01 00:00:00-04:00,87.92194366455078,ALB
2021-06-01 00:00:00-04:00,165.00784301757812,ALB
2020-06-01 00:00:00-04:00,149.7596435546875,ARE
2021-06-01 00:00:00-04:00,166.06100463867188,ARE
2020-06-01 00:00:00-04:00,296.9800109863281,ALGN
2021-06-01 00:00:00-04:00,611.0,ALGN
2020-06-01 00:00:00-04:00,98.50154876708984,ALLE
2021-06-01 00:00:00-04:00,134.3610076904297,ALLE
2020-06-01 00:00:00-04:00,48.138771057128906,LNT
2021-06-01 00:00:00-04:00,51.05437088012695,LNT
2020-06-01 00:00:00-04:00,84.66590118408203,ALL
2021-06-01 00:00:00-04:00,120.95465850830078,ALL
2020-06-01 00:00:00-04:00,81.47650146484375,GOOGL
2021-06-01 00:00:00-04:00,122.0895004272461,GOOGL
2020-06-01 00:00:00-04:00,81.70899963378906,GOOG
2021-06-01 00:00:00-04:00,125.31600189208984,GOOG
2020-06-01 00:00:00-04:00,32.41130828857422,MO
2021-06-01 00:00:00-04:00,38.234256744384766,MO
2020-06-01 00:00:00-04:00,172.54800415039062,AMZN
2021-06-01 00:00:00-04:00,172.00799560546875,AMZN
2020-06-01 00:00:00-04:00,9.525994300842285,AMCR
2021-06-01 00:00:00-04:00,10.278915405273438,AMCR
2020-06-01 00:00:00-04:00,71.35261535644531,AEE
2021-06-01 00:00:00-04:00,74.14994049072266,AEE
2020-06-01 00:00:00-04:00,13.050000190734863,AAL
2021-06-01 00:00:00-04:00,21.209999084472656,AAL
2020-06-01 00:00:00-04:00,68.75431823730469,AEP
2021-06-01 00:00:00-04:00,76.33111572265625,AEP
2020-06-01 00:00:00-04:00,96.53116607666016,AXP
2021-06-01 00:00:00-04:00,159.40626525878906,AXP
2020-06-01 00:00:00-04:00,26.33843231201172,AIG
2021-06-01 00:00:00-04:00,44.601470947265625,AIG
2020-06-01 00:00:00-04:00,226.89234924316406,AMT
2021-06-01 00:00:00-04:00,250.9185028076172,AMT
2020-06-01 00:00:00-04:00,132.55731201171875,AWK
2021-06-01 00:00:00-04:00,146.65335083007812,AWK
2020-06-01 00:00:00-04:00,146.71234130859375,AMP
2021-06-01 00:00:00-04:00,238.0196533203125,AMP
2020-06-01 00:00:00-04:00,98.22235107421875,AME
2021-06-01 00:00:00-04:00,131.12832641601562,AME
2020-06-01 00:00:00-04:00,227.1407928466797,AMGN
2021-06-01 00:00:00-04:00,224.73464965820312,AMGN
2020-06-01 00:00:00-04:00,52.89011764526367,APH
2021-06-01 00:00:00-04:00,66.53516387939453,APH
2020-06-01 00:00:00-04:00,109.6636734008789,ADI
2021-06-01 00:00:00-04:00,164.47596740722656,ADI
2020-06-01 00:00:00-04:00,339.010009765625,ANSS
2021-06-01 00:00:00-04:00,347.05999755859375,ANSS
2020-06-01 00:00:00-04:00,194.1618194580078,AON
2021-06-01 00:00:00-04:00,233.8864288330078,AON
2020-06-01 00:00:00-04:00,13.9393949508667,APA
2021-06-01 00:00:00-04:00,20.522491455078125,APA
2020-06-01 00:00:00-04:00,126.19334411621094,AAPL
2021-06-01 00:00:00-04:00,134.8411407470703,AAPL
2020-06-01 00:00:00-04:00,59.670799255371094,AMAT
2021-06-01 00:00:00-04:00,139.3158721923828,AMAT
2020-06-01 00:00:00-04:00,86.12000274658203,APTV
2021-06-01 00:00:00-04:00,157.3300018310547,APTV
2020-06-01 00:00:00-04:00,55.86249923706055,ANET
2021-06-01 00:00:00-04:00,90.57749938964844,ANET
2020-06-01 00:00:00-04:00,100.3368148803711,AJG
2021-06-01 00:00:00-04:00,135.71441650390625,AJG
2020-06-01 00:00:00-04:00,113.34465789794922,AIZ
2021-06-01 00:00:00-04:00,148.48922729492188,AIZ
2020-06-01 00:00:00-04:00,16.75406265258789,T
2021-06-01 00:00:00-04:00,17.74908447265625,T
2020-06-01 00:00:00-04:00,91.28067016601562,ATO
2021-06-01 00:00:00-04:00,90.11720275878906,ATO
2020-06-01 00:00:00-04:00,245.6999969482422,ADSK
2021-06-01 00:00:00-04:00,291.8999938964844,ADSK
2020-06-01 00:00:00-04:00,128.65176391601562,ADP
2021-06-01 00:00:00-04:00,187.9860076904297,ADP
2020-06-01 00:00:00-04:00,1196.31005859375,AZO
2021-06-01 00:00:00-04:00,1492.219970703125,AZO
2020-06-01 00:00:00-04:00,138.64559936523438,AVB
2021-06-01 00:00:00-04:00,190.48960876464844,AVB
2020-06-01 00:00:00-04:00,108.59156036376953,AVY
2021-06-01 00:00:00-04:00,201.4119415283203,AVY
2020-06-01 00:00:00-04:00,12.783767700195312,BKR
2021-06-01 00:00:00-04:00,21.257314682006836,BKR
2020-06-01 00:00:00-04:00,23.45759391784668,BAC
2021-06-01 00:00:00-04:00,38.527557373046875,BAC
2020-06-01 00:00:00-04:00,22.638771057128906,BBWI
2021-06-01 00:00:00-04:00,55.488075256347656,BBWI
2020-06-01 00:00:00-04:00,81.24560546875,BAX
2021-06-01 00:00:00-04:00,76.01393127441406,BAX
2020-06-01 00:00:00-04:00,224.74908447265625,BDX
2021-06-01 00:00:00-04:00,228.1954803466797,BDX
2020-06-01 00:00:00-04:00,96.79532623291016,BBY
2021-06-01 00:00:00-04:00,102.74176025390625,BBY
2020-06-01 00:00:00-04:00,508.5899963378906,BIO
2021-06-01 00:00:00-04:00,644.2899780273438,BIO
2020-06-01 00:00:00-04:00,62.95602798461914,TECH
2021-06-01 00:00:00-04:00,111.3974838256836,TECH
2020-06-01 00:00:00-04:00,287.6400146484375,BIIB
2021-06-01 00:00:00-04:00,346.2699890136719,BIIB
2020-06-01 00:00:00-04:00,541.0227661132812,BLK
2021-06-01 00:00:00-04:00,815.7113647460938,BLK
2020-06-01 00:00:00-04:00,32.850120544433594,BK
2021-06-01 00:00:00-04:00,46.94663619995117,BK
2020-06-01 00:00:00-04:00,171.82000732421875,BA
2021-06-01 00:00:00-04:00,239.55999755859375,BA
2020-06-01 00:00:00-04:00,1910.449951171875,BKNG
2021-06-01 00:00:00-04:00,2188.090087890625,BKNG
2020-06-01 00:00:00-04:00,33.66581344604492,BWA
2021-06-01 00:00:00-04:00,40.975555419921875,BWA
2020-06-01 00:00:00-04:00,72.44960021972656,BXP
2021-06-01 00:00:00-04:00,99.79972839355469,BXP
2020-06-01 00:00:00-04:00,41.02000045776367,BSX
2021-06-01 00:00:00-04:00,42.7599983215332,BSX
2020-06-01 00:00:00-04:00,54.977630615234375,BMY
2021-06-01 00:00:00-04:00,60.90901565551758,BMY
2020-06-01 00:00:00-04:00,310.6061096191406,AVGO
2021-06-01 00:00:00-04:00,442.1043395996094,AVGO
2020-06-01 00:00:00-04:00,128.84149169921875,BR
2021-06-01 00:00:00-04:00,154.00698852539062,BR
2020-06-01 00:00:00-04:00,45.166500091552734,BRO
2021-06-01 00:00:00-04:00,52.13383102416992,BRO
2020-06-01 00:00:00-04:00,89.65747833251953,CHRW
2021-06-01 00:00:00-04:00,87.35676574707031,CHRW
2020-06-01 00:00:00-04:00,110.91000366210938,CDNS
2021-06-01 00:00:00-04:00,136.82000732421875,CDNS
2020-06-01 00:00:00-04:00,45.79999923706055,CZR
2021-06-01 00:00:00-04:00,103.75,CZR
2020-06-01 00:00:00-04:00,46.78080368041992,CPB
2021-06-01 00:00:00-04:00,41.750083923339844,CPB
2020-06-01 00:00:00-04:00,64.49092102050781,COF
2021-06-01 00:00:00-04:00,145.7974090576172,COF
2020-06-01 00:00:00-04:00,45.07783889770508,CAH
2021-06-01 00:00:00-04:00,52.59846115112305,CAH
2020-06-01 00:00:00-04:00,106.93000030517578,KMX
2021-06-01 00:00:00-04:00,129.14999389648438,KMX
2020-06-01 00:00:00-04:00,16.479999542236328,CCL
2021-06-01 00:00:00-04:00,26.360000610351562,CCL
2020-06-01 00:00:00-04:00,28.341455459594727,CARR
2021-06-01 00:00:00-04:00,46.69721603393555,CARR
2020-06-01 00:00:00-04:00,92.5,CTLT
2021-06-01 00:00:00-04:00,108.12000274658203,CTLT
2020-06-01 00:00:00-04:00,131.06065368652344,CAT
2021-06-01 00:00:00-04:00,205.1653289794922,CAT
2020-06-01 00:00:00-04:00,91.79000091552734,CBOE
2021-06-01 00:00:00-04:00,119.05000305175781,CBOE
2020-06-01 00:00:00-04:00,47.029998779296875,CBRE
2021-06-01 00:00:00-04:00,85.7300033569336,CBRE
2020-06-01 00:00:00-04:00,109.19147491455078,CDW
2021-06-01 00:00:00-04:00,169.7237091064453,CDW
2020-06-01 00:00:00-04:00,93.65010833740234,CE
2021-06-01 00:00:00-04:00,143.41815185546875,CE
2020-06-01 00:00:00-04:00,61.31999969482422,CNC
2021-06-01 00:00:00-04:00,72.93000030517578,CNC
2020-06-01 00:00:00-04:00,18.33732032775879,CNP
2021-06-01 00:00:00-04:00,23.024797439575195,CNP
2020-06-01 00:00:00-04:00,79.5199966430664,CDAY
2021-06-01 00:00:00-04:00,95.91999816894531,CDAY
2020-06-01 00:00:00-04:00,30.166898727416992,CF
2021-06-01 00:00:00-04:00,49.074344635009766,CF
2020-06-01 00:00:00-04:00,218.9499969482422,CRL
2021-06-01 00:00:00-04:00,369.9200134277344,CRL
2020-06-01 00:00:00-04:00,33.74435043334961,SCHW
2021-06-01 00:00:00-04:00,70.19741821289062,SCHW
2020-06-01 00:00:00-04:00,615.6099853515625,CHTR
2021-06-01 00:00:00-04:00,721.4500122070312,CHTR
2020-06-01 00:00:00-04:00,71.95556640625,CVX
2021-06-01 00:00:00-04:00,94.88546752929688,CVX
2020-06-01 00:00:00-04:00,1310.280029296875,CMG
2021-06-01 00:00:00-04:00,1550.3399658203125,CMG
2020-06-01 00:00:00-04:00,116.71826934814453,CB
2021-06-01 00:00:00-04:00,151.7427520751953,CB
2020-06-01 00:00:00-04:00,91.98452758789062,CHD
2021-06-01 00:00:00-04:00,82.72514343261719,CHD
2020-06-01 00:00:00-04:00,168.3232421875,CI
2021-06-01 00:00:00-04:00,225.93618774414062,CI
2020-06-01 00:00:00-04:00,71.83181762695312,CINF
2021-06-01 00:00:00-04:00,108.79642486572266,CINF
2020-06-01 00:00:00-04:00,320.14166259765625,CTAS
2021-06-01 00:00:00-04:00,372.45465087890625,CTAS
2020-06-01 00:00:00-04:00,37.64179611206055,CSCO
2021-06-01 00:00:00-04:00,48.801536560058594,CSCO
2020-06-01 00:00:00-04:00,44.151973724365234,C
2021-06-01 00:00:00-04:00,63.46109390258789,C
2020-06-01 00:00:00-04:00,21.762319564819336,CFG
2021-06-01 00:00:00-04:00,40.51203155517578,CFG
2020-06-01 00:00:00-04:00,200.9154052734375,CLX
2021-06-01 00:00:00-04:00,165.18170166015625,CLX
2020-06-01 00:00:00-04:00,150.87466430664062,CME
2021-06-01 00:00:00-04:00,188.4547576904297,CME
2020-06-01 00:00:00-04:00,54.05580520629883,CMS
2021-06-01 00:00:00-04:00,54.259002685546875,CMS
2020-06-01 00:00:00-04:00,44.097572326660156,KO
2021-06-01 00:00:00-04:00,49.80177307128906,KO
2020-06-01 00:00:00-04:00,63.503318786621094,CTSH
2021-06-01 00:00:00-04:00,66.62368774414062,CTSH
2020-06-01 00:00:00-04:00,72.48374938964844,CL
2021-06-01 00:00:00-04:00,76.09304809570312,CL
2020-06-01 00:00:00-04:00,40.93159866333008,CMCSA
2021-06-01 00:00:00-04:00,53.1419792175293,CMCSA
2020-06-01 00:00:00-04:00,32.90590286254883,CMA
2021-06-01 00:00:00-04:00,62.943965911865234,CMA
2020-06-01 00:00:00-04:00,33.44377517700195,CAG
2021-06-01 00:00:00-04:00,32.63971710205078,CAG
2020-06-01 00:00:00-04:00,32.9143180847168,COP
2021-06-01 00:00:00-04:00,55.021209716796875,COP
2020-06-01 00:00:00-04:00,62.62171173095703,ED
2021-06-01 00:00:00-04:00,65.55631256103516,ED
2020-06-01 00:00:00-04:00,174.9248046875,STZ
2021-06-01 00:00:00-04:00,225.1233367919922,STZ
2020-06-01 00:00:00-04:00,25.829999923706055,CPRT
2021-06-01 00:00:00-04:00,32.95750045776367,CPRT
2020-06-01 00:00:00-04:00,29.296186447143555,GLW
2021-06-01 00:00:00-04:00,37.832706451416016,GLW
2020-06-01 00:00:00-04:00,27.372873306274414,CTVA
2021-06-01 00:00:00-04:00,43.131736755371094,CTVA
2020-06-01 00:00:00-04:00,322.3156433105469,COST
2021-06-01 00:00:00-04:00,379.52642822265625,COST
2020-06-01 00:00:00-04:00,15.486433029174805,CTRA
2021-06-01 00:00:00-04:00,14.582901000976562,CTRA
2020-06-01 00:00:00-04:00,141.2099151611328,CCI
2021-06-01 00:00:00-04:00,174.17083740234375,CCI
2020-06-01 00:00:00-04:00,24.38974380493164,CSX
2021-06-01 00:00:00-04:00,31.071033477783203,CSX
2020-06-01 00:00:00-04:00,189.3240509033203,CMI
2021-06-01 00:00:00-04:00,227.8688507080078,CMI
2020-06-01 00:00:00-04:00,55.96120071411133,CVS
2021-06-01 00:00:00-04:00,77.41295623779297,CVS
2020-06-01 00:00:00-04:00,68.76789093017578,DHI
2021-06-01 00:00:00-04:00,87.9339599609375,DHI
2020-06-01 00:00:00-04:00,180.19760131835938,DHR
2021-06-01 00:00:00-04:00,235.19415283203125,DHR
2020-06-01 00:00:00-04:00,78.1305160522461,DRI
2021-06-01 00:00:00-04:00,133.20553588867188,DRI
2020-06-01 00:00:00-04:00,86.76000213623047,DVA
2021-06-01 00:00:00-04:00,120.43000030517578,DVA
2020-06-01 00:00:00-04:00,200.1911163330078,DE
2021-06-01 00:00:00-04:00,340.8305969238281,DE
2020-06-01 00:00:00-04:00,30.699419021606445,DAL
2021-06-01 00:00:00-04:00,43.04884338378906,DAL
2020-06-01 00:00:00-04:00,42.964786529541016,XRAY
2021-06-01 00:00:00-04:00,61.07691192626953,XRAY
2020-06-01 00:00:00-04:00,8.493657112121582,DVN
2021-06-01 00:00:00-04:00,24.263042449951172,DVN
2020-06-01 00:00:00-04:00,106.35250091552734,DXCM
2021-06-01 00:00:00-04:00,106.75,DXCM
2020-06-01 00:00:00-04:00,33.20663070678711,FANG
2021-06-01 00:00:00-04:00,82.52703857421875,FANG
2020-06-01 00:00:00-04:00,135.77552795410156,DLR
2021-06-01 00:00:00-04:00,135.70510864257812,DLR
2020-06-01 00:00:00-04:00,48.982337951660156,DFS
2021-06-01 00:00:00-04:00,111.67821502685547,DFS
2020-06-01 00:00:00-04:00,35.52000045776367,DISH
2021-06-01 00:00:00-04:00,41.79999923706055,DISH
2020-06-01 00:00:00-04:00,194.25555419921875,DG
2021-06-01 00:00:00-04:00,209.76318359375,DG
2020-06-01 00:00:00-04:00,96.2699966430664,DLTR
2021-06-01 00:00:00-04:00,99.5,DLTR
2020-06-01 00:00:00-04:00,67.2300796508789,D
2021-06-01 00:00:00-04:00,65.61514282226562,D
2020-06-01 00:00:00-04:00,392.7782287597656,DPZ
2021-06-01 00:00:00-04:00,451.93817138671875,DPZ
2020-06-01 00:00:00-04:00,104.447265625,DOV
2021-06-01 00:00:00-04:00,145.47613525390625,DOV
2020-06-01 00:00:00-04:00,37.912044525146484,DOW
2021-06-01 00:00:00-04:00,55.83718490600586,DOW
2020-06-01 00:00:00-04:00,89.31105041503906,DTE
2021-06-01 00:00:00-04:00,101.09979248046875,DTE
2020-06-01 00:00:00-04:00,69.71162414550781,DUK
2021-06-01 00:00:00-04:00,89.28160858154297,DUK
2020-06-01 00:00:00-04:00,52.22332763671875,DD
2021-06-01 00:00:00-04:00,73.81396484375,DD
2020-06-01 00:00:00-04:00,19.979999542236328,DXC
2021-06-01 00:00:00-04:00,38.939998626708984,DXC
2020-06-01 00:00:00-04:00,64.75942993164062,EMN
2021-06-01 00:00:00-04:00,106.65734100341797,EMN
2020-06-01 00:00:00-04:00,94.86605072021484,ETN
2021-06-01 00:00:00-04:00,141.13523864746094,ETN
2020-06-01 00:00:00-04:00,51.64234924316406,EBAY
2021-06-01 00:00:00-04:00,67.00550842285156,EBAY
2020-06-01 00:00:00-04:00,189.07301330566406,ECL
2021-06-01 00:00:00-04:00,199.39358520507812,ECL
2020-06-01 00:00:00-04:00,44.413143157958984,EIX
2021-06-01 00:00:00-04:00,51.22158432006836,EIX
2020-06-01 00:00:00-04:00,85.83999633789062,EW
2021-06-01 00:00:00-04:00,103.56999969482422,EW
2020-06-01 00:00:00-04:00,136.96543884277344,EA
2021-06-01 00:00:00-04:00,141.6107177734375,EA
2020-06-01 00:00:00-04:00,141.3761444091797,LLY
2021-06-01 00:00:00-04:00,222.7688446044922,LLY
2020-06-01 00:00:00-04:00,63.99614334106445,EMR
2021-06-01 00:00:00-04:00,90.91328430175781,EMR
2020-06-01 00:00:00-04:00,77.2300033569336,ENPH
2021-06-01 00:00:00-04:00,183.6300048828125,ENPH
2020-06-01 00:00:00-04:00,85.66299438476562,ETR
2021-06-01 00:00:00-04:00,89.35648345947266,ETR
2020-06-01 00:00:00-04:00,36.96186065673828,EOG
2021-06-01 00:00:00-04:00,70.07625579833984,EOG
2020-06-01 00:00:00-04:00,163.8402862548828,EFX
2021-06-01 00:00:00-04:00,235.21209716796875,EFX
2020-06-01 00:00:00-04:00,743.436767578125,EQIX
2021-06-01 00:00:00-04:00,767.1618041992188,EQIX
2020-06-01 00:00:00-04:00,48.99816131591797,EQR
2021-06-01 00:00:00-04:00,69.58358001708984,EQR
2020-06-01 00:00:00-04:00,190.01034545898438,ESS
2021-06-01 00:00:00-04:00,272.841064453125,ESS
2020-06-01 00:00:00-04:00,213.7332000732422,EL
2021-06-01 00:00:00-04:00,309.0560607910156,EL
2020-06-01 00:00:00-04:00,119.69999694824219,ETSY
2021-06-01 00:00:00-04:00,205.83999633789062,ETSY
2020-06-01 00:00:00-04:00,46.49419021606445,EVRG
2021-06-01 00:00:00-04:00,54.82676315307617,EVRG
2020-06-01 00:00:00-04:00,76.70530700683594,ES
2021-06-01 00:00:00-04:00,73.8634262084961,ES
2020-06-01 00:00:00-04:00,23.36205291748047,EXC
2021-06-01 00:00:00-04:00,29.11913299560547,EXC
2020-06-01 00:00:00-04:00,98.1500015258789,EXPE
2021-06-01 00:00:00-04:00,163.7100067138672,EXPE
2020-06-01 00:00:00-04:00,85.01844024658203,EXPD
2021-06-01 00:00:00-04:00,123.05763244628906,EXPD
2020-06-01 00:00:00-04:00,93.45087432861328,EXR
2021-06-01 00:00:00-04:00,148.60202026367188,EXR
2020-06-01 00:00:00-04:00,33.510276794433594,XOM
2021-06-01 00:00:00-04:00,57.02878952026367,XOM
2020-06-01 00:00:00-04:00,132.3300018310547,FFIV
2021-06-01 00:00:00-04:00,186.66000366210938,FFIV
2020-06-01 00:00:00-04:00,44.10993957519531,FAST
2021-06-01 00:00:00-04:00,48.4057731628418,FAST
2020-06-01 00:00:00-04:00,67.56450653076172,FRT
2021-06-01 00:00:00-04:00,104.72454071044922,FRT
2020-06-01 00:00:00-04:00,206.56503295898438,FDX
2021-06-01 00:00:00-04:00,283.8357238769531,FDX
2020-06-01 00:00:00-04:00,139.62899780273438,FIS
2021-06-01 00:00:00-04:00,132.4366455078125,FIS
2020-06-01 00:00:00-04:00,17.784805297851562,FITB
2021-06-01 00:00:00-04:00,34.406402587890625,FITB
2020-06-01 00:00:00-04:00,24.330547332763672,FE
2021-06-01 00:00:00-04:00,33.27450180053711,FE
2020-06-01 00:00:00-04:00,251.4499969482422,FLT
2021-06-01 00:00:00-04:00,256.05999755859375,FLT
2020-06-01 00:00:00-04:00,98.7879409790039,FMC
2021-06-01 00:00:00-04:00,101.76741027832031,FMC
2020-06-01 00:00:00-04:00,5.9471330642700195,F
2021-06-01 00:00:00-04:00,12.958121299743652,F
2020-06-01 00:00:00-04:00,26.402000427246094,FTNT
2021-06-01 00:00:00-04:00,47.63800048828125,FTNT
2020-06-01 00:00:00-04:00,59.47547149658203,FTV
2021-06-01 00:00:00-04:00,69.00961303710938,FTV
2020-06-01 00:00:00-04:00,26.546459197998047,FOXA
2021-06-01 00:00:00-04:00,35.86880111694336,FOXA
2020-06-01 00:00:00-04:00,26.404218673706055,FOX
2021-06-01 00:00:00-04:00,33.90645980834961,FOX
2020-06-01 00:00:00-04:00,17.85674285888672,BEN
2021-06-01 00:00:00-04:00,28.42963218688965,BEN
2020-06-01 00:00:00-04:00,14.966015815734863,FCX
2021-06-01 00:00:00-04:00,35.6583251953125,FCX
2020-06-01 00:00:00-04:00,15.185150146484375,GPS
2021-06-01 00:00:00-04:00,29.62145233154297,GPS
2020-06-01 00:00:00-04:00,94.41150665283203,GRMN
2021-06-01 00:00:00-04:00,134.83029174804688,GRMN
2020-06-01 00:00:00-04:00,129.82000732421875,IT
2021-06-01 00:00:00-04:00,242.1999969482422,IT
2020-06-01 00:00:00-04:00,189.97999572753906,GNRC
2021-06-01 00:00:00-04:00,415.1499938964844,GNRC
2020-06-01 00:00:00-04:00,136.24539184570312,GD
2021-06-01 00:00:00-04:00,176.74208068847656,GD
2020-06-01 00:00:00-04:00,39.022945404052734,GE
2021-06-01 00:00:00-04:00,83.24595642089844,GE
2020-06-01 00:00:00-04:00,56.84715270996094,GIS
2021-06-01 00:00:00-04:00,55.98891067504883,GIS
2020-06-01 00:00:00-04:00,29.18416404724121,GM
2021-06-01 00:00:00-04:00,58.279685974121094,GM
2020-06-01 00:00:00-04:00,85.30773162841797,GPC
2021-06-01 00:00:00-04:00,118.01277160644531,GPC
2020-06-01 00:00:00-04:00,57.171939849853516,GILD
2021-06-01 00:00:00-04:00,61.50030517578125,GILD
2020-06-01 00:00:00-04:00,172.10934448242188,GPN
2021-06-01 00:00:00-04:00,183.50840759277344,GPN
2020-06-01 00:00:00-04:00,79.94935607910156,GL
2021-06-01 00:00:00-04:00,93.15341186523438,GL
2020-06-01 00:00:00-04:00,187.96543884277344,GS
2021-06-01 00:00:00-04:00,354.8092041015625,GS
2020-06-01 00:00:00-04:00,15.406121253967285,HAL
2021-06-01 00:00:00-04:00,22.260469436645508,HAL
2020-06-01 00:00:00-04:00,13.648077964782715,HBI
2021-06-01 00:00:00-04:00,17.309894561767578,HBI
2020-06-01 00:00:00-04:00,68.28062438964844,HAS
2021-06-01 00:00:00-04:00,84.38343048095703,HAS
2020-06-01 00:00:00-04:00,131.6826629638672,HCA
2021-06-01 00:00:00-04:00,201.53334045410156,HCA
2020-06-01 00:00:00-04:00,23.533479690551758,PEAK
2021-06-01 00:00:00-04:00,29.641277313232422,PEAK
2020-06-01 00:00:00-04:00,66.44000244140625,HSIC
2021-06-01 00:00:00-04:00,74.19000244140625,HSIC
2020-06-01 00:00:00-04:00,43.64756393432617,HES
2021-06-01 00:00:00-04:00,84.36071014404297,HES
2020-06-01 00:00:00-04:00,8.51269817352295,HPE
2021-06-01 00:00:00-04:00,13.373835563659668,HPE
2020-06-01 00:00:00-04:00,89.69403839111328,HLT
2021-06-01 00:00:00-04:00,119.73101043701172,HLT
2020-06-01 00:00:00-04:00,59.720001220703125,HOLX
2021-06-01 00:00:00-04:00,66.72000122070312,HOLX
2020-06-01 00:00:00-04:00,260.6058654785156,HD
2021-06-01 00:00:00-04:00,298.30706787109375,HD
2020-06-01 00:00:00-04:00,154.4235382080078,HON
2021-06-01 00:00:00-04:00,208.52577209472656,HON
2020-06-01 00:00:00-04:00,46.61820983886719,HRL
2021-06-01 00:00:00-04:00,44.55427169799805,HRL
2020-06-01 00:00:00-04:00,10.3300142288208,HST
2021-06-01 00:00:00-04:00,15.72038745880127,HST
2020-06-01 00:00:00-04:00,17.36773681640625,HWM
2021-06-01 00:00:00-04:00,34.1704216003418,HWM
2020-06-01 00:00:00-04:00,17.32935333251953,HPQ
2021-06-01 00:00:00-04:00,27.6754207611084,HPQ
2020-06-01 00:00:00-04:00,404.7339172363281,HUM
2021-06-01 00:00:00-04:00,434.3682861328125,HUM
2020-06-01 00:00:00-04:00,7.848893165588379,HBAN
2021-06-01 00:00:00-04:00,12.531171798706055,HBAN
2020-06-01 00:00:00-04:00,139.59947204589844,HII
2021-06-01 00:00:00-04:00,199.05734252929688,HII
2020-06-01 00:00:00-04:00,98.22727966308594,IBM
2021-06-01 00:00:00-04:00,122.97882843017578,IBM
2020-06-01 00:00:00-04:00,172.76211547851562,IEX
2021-06-01 00:00:00-04:00,213.18528747558594,IEX
2020-06-01 00:00:00-04:00,391.05999755859375,IDXX
2021-06-01 00:00:00-04:00,631.5499877929688,IDXX
2020-06-01 00:00:00-04:00,181.2505645751953,ITW
2021-06-01 00:00:00-04:00,209.8833770751953,ITW
2020-06-01 00:00:00-04:00,357.2200012207031,ILMN
2021-06-01 00:00:00-04:00,473.2099914550781,ILMN
2020-06-01 00:00:00-04:00,96.3499984741211,INCY
2021-06-01 00:00:00-04:00,84.12999725341797,INCY
2020-06-01 00:00:00-04:00,34.94630432128906,IR
2021-06-01 00:00:00-04:00,48.651710510253906,IR
2020-06-01 00:00:00-04:00,45.89279556274414,INTC
2021-06-01 00:00:00-04:00,51.91041946411133,INTC
2020-06-01 00:00:00-04:00,101.0923843383789,ICE
2021-06-01 00:00:00-04:00,114.30686950683594,ICE
2020-06-01 00:00:00-04:00,110.58429718017578,IFF
2021-06-01 00:00:00-04:00,136.8622283935547,IFF
2020-06-01 00:00:00-04:00,29.304636001586914,IP
2021-06-01 00:00:00-04:00,51.74384689331055,IP
2020-06-01 00:00:00-04:00,15.58102035522461,IPG
2021-06-01 00:00:00-04:00,29.533958435058594,IPG
2020-06-01 00:00:00-04:00,337.2665100097656,INTU
2021-06-01 00:00:00-04:00,481.7672119140625,INTU
2020-06-01 00:00:00-04:00,243.6133270263672,ISRG
2021-06-01 00:00:00-04:00,306.5466613769531,ISRG
2020-06-01 00:00:00-04:00,8.87590217590332,IVZ
2021-06-01 00:00:00-04:00,24.13912010192871,IVZ
2020-06-01 00:00:00-04:00,161.72999572753906,IPGP
2021-06-01 00:00:00-04:00,210.77000427246094,IPGP
2020-06-01 00:00:00-04:00,163.75,IQV
2021-06-01 00:00:00-04:00,242.32000732421875,IQV
2020-06-01 00:00:00-04:00,24.36697769165039,IRM
2021-06-01 00:00:00-04:00,37.166175842285156,IRM
2020-06-01 00:00:00-04:00,136.21212768554688,JBHT
2021-06-01 00:00:00-04:00,159.191162109375,JBHT
2020-06-01 00:00:00-04:00,158.76470947265625,JKHY
2021-06-01 00:00:00-04:00,158.7287139892578,JKHY
2020-06-01 00:00:00-04:00,87.90088653564453,J
2021-06-01 00:00:00-04:00,130.90371704101562,J
2020-06-01 00:00:00-04:00,108.3001708984375,SJM
2021-06-01 00:00:00-04:00,120.30610656738281,SJM
2020-06-01 00:00:00-04:00,139.6079559326172,JNJ
2021-06-01 00:00:00-04:00,153.8667449951172,JNJ
2020-06-01 00:00:00-04:00,37.359737396240234,JCI
2021-06-01 00:00:00-04:00,64.47393798828125,JCI
2020-06-01 00:00:00-04:00,89.723876953125,JPM
2021-06-01 00:00:00-04:00,143.8187255859375,JPM
2020-06-01 00:00:00-04:00,22.54621124267578,JNPR
2021-06-01 00:00:00-04:00,25.504369735717773,JNPR
2020-06-01 00:00:00-04:00,58.250545501708984,K
2021-06-01 00:00:00-04:00,54.90828323364258,K
2020-06-01 00:00:00-04:00,10.25606632232666,KEY
2021-06-01 00:00:00-04:00,18.23407554626465,KEY
2020-06-01 00:00:00-04:00,98.5199966430664,KEYS
2021-06-01 00:00:00-04:00,154.41000366210938,KEYS
2020-06-01 00:00:00-04:00,138.64712524414062,KMB
2021-06-01 00:00:00-04:00,121.27159118652344,KMB
2020-06-01 00:00:00-04:00,10.419129371643066,KIM
2021-06-01 00:00:00-04:00,18.624507904052734,KIM
2020-06-01 00:00:00-04:00,10.783775329589844,KMI
2021-06-01 00:00:00-04:00,15.321366310119629,KMI
2020-06-01 00:00:00-04:00,196.175048828125,KLAC
2021-06-01 00:00:00-04:00,314.3897399902344,KLAC
2020-06-01 00:00:00-04:00,30.142824172973633,KHC
2021-06-01 00:00:00-04:00,36.60578155517578,KHC
2020-06-01 00:00:00-04:00,33.13072967529297,KR
2021-06-01 00:00:00-04:00,36.33265686035156,KR
2020-06-01 00:00:00-04:00,167.5311737060547,LHX
2021-06-01 00:00:00-04:00,205.0810546875,LHX
2020-06-01 00:00:00-04:00,147.39419555664062,LH
2021-06-01 00:00:00-04:00,231.3438720703125,LH
2020-06-01 00:00:00-04:00,321.3077392578125,LRCX
2021-06-01 00:00:00-04:00,629.6326904296875,LRCX
2020-06-01 00:00:00-04:00,59.8552131652832,LW
2021-06-01 00:00:00-04:00,77.82845306396484,LW
2020-06-01 00:00:00-04:00,50.12862014770508,LVS
2021-06-01 00:00:00-04:00,52.085914611816406,LVS
2020-06-01 00:00:00-04:00,34.292015075683594,LEG
2021-06-01 00:00:00-04:00,45.065650939941406,LEG
2020-06-01 00:00:00-04:00,85.65428924560547,LDOS
2021-06-01 00:00:00-04:00,97.05918884277344,LDOS
2020-06-01 00:00:00-04:00,71.13323211669922,LEN
2021-06-01 00:00:00-04:00,95.42903900146484,LEN
2020-06-01 00:00:00-04:00,30.366456985473633,LNC
2021-06-01 00:00:00-04:00,54.95996856689453,LNC
2020-06-01 00:00:00-04:00,236.19906616210938,LIN
2021-06-01 00:00:00-04:00,277.96728515625,LIN
2020-06-01 00:00:00-04:00,56.79999923706055,LYV
2021-06-01 00:00:00-04:00,87.58999633789062,LYV
2020-06-01 00:00:00-04:00,30.31519889831543,LKQ
2021-06-01 00:00:00-04:00,47.010528564453125,LKQ
2020-06-01 00:00:00-04:00,354.6979064941406,LMT
2021-06-01 00:00:00-04:00,353.43536376953125,LMT
2020-06-01 00:00:00-04:00,35.29121017456055,L
2021-06-01 00:00:00-04:00,54.08042526245117,L
2020-06-01 00:00:00-04:00,154.23214721679688,LOW
2021-06-01 00:00:00-04:00,184.16033935546875,LOW
2020-06-01 00:00:00-04:00,8.895734786987305,LUMN
2021-06-01 00:00:00-04:00,12.210957527160645,LUMN
2020-06-01 00:00:00-04:00,51.893558502197266,LYB
2021-06-01 00:00:00-04:00,85.82682037353516,LYB
2020-06-01 00:00:00-04:00,91.9458999633789,MTB
2021-06-01 00:00:00-04:00,133.79075622558594,MTB
2020-06-01 00:00:00-04:00,5.0293731689453125,MRO
2021-06-01 00:00:00-04:00,13.131564140319824,MRO
2020-06-01 00:00:00-04:00,31.507070541381836,MPC
2021-06-01 00:00:00-04:00,56.46511459350586,MPC
2020-06-01 00:00:00-04:00,472.36798095703125,MKTX
2021-06-01 00:00:00-04:00,452.8424987792969,MKTX
2020-06-01 00:00:00-04:00,101.21321105957031,MAR
2021-06-01 00:00:00-04:00,134.26905822753906,MAR
2020-06-01 00:00:00-04:00,108.74276733398438,MMC
2021-06-01 00:00:00-04:00,135.2926483154297,MMC
2020-06-01 00:00:00-04:00,197.86581420898438,MLM
2021-06-01 00:00:00-04:00,345.9203186035156,MLM
2020-06-01 00:00:00-04:00,54.823734283447266,MAS
2021-06-01 00:00:00-04:00,56.04322814941406,MAS
2020-06-01 00:00:00-04:00,350.78448486328125,MA
2021-06-01 00:00:00-04:00,359.3166809082031,MA
2020-06-01 00:00:00-04:00,111.68000030517578,MTCH
2021-06-01 00:00:00-04:00,161.25,MTCH
2020-06-01 00:00:00-04:00,96.58316802978516,MKC
2021-06-01 00:00:00-04:00,83.90943145751953,MKC
2020-06-01 00:00:00-04:00,197.31405639648438,MCD
2021-06-01 00:00:00-04:00,218.51220703125,MCD
2020-06-01 00:00:00-04:00,149.51248168945312,MCK
2021-06-01 00:00:00-04:00,188.16392517089844,MCK
2020-06-01 00:00:00-04:00,97.0367431640625,MDT
2021-06-01 00:00:00-04:00,114.59394073486328,MDT
2020-06-01 00:00:00-04:00,72.3128433227539,MRK
2021-06-01 00:00:00-04:00,71.34992980957031,MRK
2020-06-01 00:00:00-04:00,33.867942810058594,MET
2021-06-01 00:00:00-04:00,54.90919494628906,MET
2020-06-01 00:00:00-04:00,970.780029296875,MTD
2021-06-01 00:00:00-04:00,1385.3399658203125,MTD
2020-06-01 00:00:00-04:00,22.477954864501953,MGM
2021-06-01 00:00:00-04:00,42.626773834228516,MGM
2020-06-01 00:00:00-04:00,51.99656295776367,MCHP
2021-06-01 00:00:00-04:00,71.80875396728516,MCHP
2020-06-01 00:00:00-04:00,44.73980712890625,MU
2021-06-01 00:00:00-04:00,83.54182434082031,MU
2020-06-01 00:00:00-04:00,218.52980041503906,MSFT
2021-06-01 00:00:00-04:00,265.03314208984375,MSFT
2020-06-01 00:00:00-04:00,104.06704711914062,MAA
2021-06-01 00:00:00-04:00,154.52960205078125,MAA
2020-06-01 00:00:00-04:00,64.88999938964844,MRNA
2021-06-01 00:00:00-04:00,234.97999572753906,MRNA
2020-06-01 00:00:00-04:00,92.33000183105469,MHK
2021-06-01 00:00:00-04:00,192.19000244140625,MHK
2020-06-01 00:00:00-04:00,35.04265213012695,TAP
2021-06-01 00:00:00-04:00,49.9851188659668,TAP
2020-06-01 00:00:00-04:00,53.68144226074219,MDLZ
2021-06-01 00:00:00-04:00,58.64572525024414,MDLZ
2020-06-01 00:00:00-04:00,260.12567138671875,MPWR
2021-06-01 00:00:00-04:00,366.29205322265625,MPWR
2020-06-01 00:00:00-04:00,41.93000030517578,MNST
2021-06-01 00:00:00-04:00,45.67499923706055,MNST
2020-06-01 00:00:00-04:00,285.8567810058594,MCO
2021-06-01 00:00:00-04:00,354.45294189453125,MCO
2020-06-01 00:00:00-04:00,46.339019775390625,MS
2021-06-01 00:00:00-04:00,83.25115203857422,MS
2020-06-01 00:00:00-04:00,146.75433349609375,MSI
2021-06-01 00:00:00-04:00,209.19091796875,MSI
2020-06-01 00:00:00-04:00,361.7779846191406,MSCI
2021-06-01 00:00:00-04:00,520.6309204101562,MSCI
2020-06-01 00:00:00-04:00,42.475826263427734,NDAQ
2021-06-01 00:00:00-04:00,56.395809173583984,NDAQ
2020-06-01 00:00:00-04:00,42.47051239013672,NTAP
2021-06-01 00:00:00-04:00,75.99715423583984,NTAP
2020-06-01 00:00:00-04:00,529.5599975585938,NFLX
2021-06-01 00:00:00-04:00,528.2100219726562,NFLX
2020-06-01 00:00:00-04:00,13.720170974731445,NWL
2021-06-01 00:00:00-04:00,24.61627769470215,NWL
2020-06-01 00:00:00-04:00,59.00762176513672,NEM
2021-06-01 00:00:00-04:00,56.966678619384766,NEM
2020-06-01 00:00:00-04:00,14.576475143432617,NWSA
2021-06-01 00:00:00-04:00,25.103116989135742,NWSA
2020-06-01 00:00:00-04:00,14.528739929199219,NWS
2021-06-01 00:00:00-04:00,23.726884841918945,NWS
2020-06-01 00:00:00-04:00,64.19230651855469,NEE
2021-06-01 00:00:00-04:00,68.79149627685547,NEE
2020-06-01 00:00:00-04:00,108.01524353027344,NKE
2021-06-01 00:00:00-04:00,150.37843322753906,NKE
2020-06-01 00:00:00-04:00,19.383258819580078,NI
2021-06-01 00:00:00-04:00,22.21429443359375,NI
2020-06-01 00:00:00-04:00,197.1342010498047,NSC
2021-06-01 00:00:00-04:00,250.31204223632812,NSC
2020-06-01 00:00:00-04:00,72.94429016113281,NTRS
2021-06-01 00:00:00-04:00,106.24887084960938,NTRS
2020-06-01 00:00:00-04:00,323.5289611816406,NOC
2021-06-01 00:00:00-04:00,349.38067626953125,NOC
2020-06-01 00:00:00-04:00,17.110000610351562,NCLH
2021-06-01 00:00:00-04:00,29.40999984741211,NCLH
2020-06-01 00:00:00-04:00,30.03924560546875,NRG
2021-06-01 00:00:00-04:00,36.44851303100586,NRG
2020-06-01 00:00:00-04:00,42.23337173461914,NUE
2021-06-01 00:00:00-04:00,91.99031066894531,NUE
2020-06-01 00:00:00-04:00,133.30409240722656,NVDA
2021-06-01 00:00:00-04:00,199.6440887451172,NVDA
2020-06-01 00:00:00-04:00,4168.33984375,NVR
2021-06-01 00:00:00-04:00,4973.2998046875,NVR
2020-06-01 00:00:00-04:00,118.33045196533203,NXPI
2021-06-01 00:00:00-04:00,195.914794921875,NXPI
2020-06-01 00:00:00-04:00,465.6300048828125,ORLY
2021-06-01 00:00:00-04:00,566.2100219726562,ORLY
2020-06-01 00:00:00-04:00,12.442221641540527,OXY
2021-06-01 00:00:00-04:00,30.612869262695312,OXY
2020-06-01 00:00:00-04:00,199.39723205566406,ODFL
2021-06-01 00:00:00-04:00,251.1290740966797,ODFL
2020-06-01 00:00:00-04:00,46.93973159790039,OMC
2021-06-01 00:00:00-04:00,72.45655822753906,OMC
2020-06-01 00:00:00-04:00,20.985498428344727,OKE
2021-06-01 00:00:00-04:00,47.19013214111328,OKE
2020-06-01 00:00:00-04:00,53.904048919677734,ORCL
2021-06-01 00:00:00-04:00,74.54134368896484,ORCL
2021-05-01 00:00:00-04:00,26.97848129272461,OGN
2021-05-01 00:00:00-04:00,26.97848129272461,OGN
2020-06-01 00:00:00-04:00,59.96529006958008,OTIS
2021-06-01 00:00:00-04:00,78.92435455322266,OTIS
2020-06-01 00:00:00-04:00,49.947105407714844,PCAR
2021-06-01 00:00:00-04:00,53.09395980834961,PCAR
2020-06-01 00:00:00-04:00,89.59577941894531,PKG
2021-06-01 00:00:00-04:00,123.5231704711914,PKG
2020-06-01 00:00:00-04:00,194.55393981933594,PH
2021-06-01 00:00:00-04:00,294.3211975097656,PH
2020-06-01 00:00:00-04:00,68.94140625,PAYX
2021-06-01 00:00:00-04:00,99.65538024902344,PAYX
2020-06-01 00:00:00-04:00,298.032470703125,PAYC
2021-06-01 00:00:00-04:00,361.73736572265625,PAYC
2020-06-01 00:00:00-04:00,204.13999938964844,PYPL
2021-06-01 00:00:00-04:00,291.4800109863281,PYPL
2020-06-01 00:00:00-04:00,51.099998474121094,PENN
2021-06-01 00:00:00-04:00,76.48999786376953,PENN
2020-06-01 00:00:00-04:00,42.695919036865234,PNR
2021-06-01 00:00:00-04:00,64.78276062011719,PNR
2020-06-01 00:00:00-04:00,126.03643035888672,PEP
2021-06-01 00:00:00-04:00,137.3880615234375,PEP
2020-06-01 00:00:00-04:00,30.871816635131836,PFE
2021-06-01 00:00:00-04:00,35.11506652832031,PFE
2020-06-01 00:00:00-04:00,65.05501556396484,PM
2021-06-01 00:00:00-04:00,85.73638153076172,PM
2020-06-01 00:00:00-04:00,50.027000427246094,PSX
2021-06-01 00:00:00-04:00,77.31696319580078,PSX
2020-06-01 00:00:00-04:00,61.973575592041016,PNW
2021-06-01 00:00:00-04:00,72.11163330078125,PNW
2020-06-01 00:00:00-04:00,83.0169448852539,PXD
2021-06-01 00:00:00-04:00,132.51255798339844,PXD
2020-06-01 00:00:00-04:00,96.88372039794922,PNC
2021-06-01 00:00:00-04:00,172.15826416015625,PNC
2020-06-01 00:00:00-04:00,317.20703125,POOL
2021-06-01 00:00:00-04:00,446.9922790527344,POOL
2020-06-01 00:00:00-04:00,113.33946228027344,PPG
2021-06-01 00:00:00-04:00,162.3465118408203,PPG
2020-06-01 00:00:00-04:00,23.33722686767578,PPL
2021-06-01 00:00:00-04:00,25.025089263916016,PPL
2020-06-01 00:00:00-04:00,36.9111442565918,PFG
2021-06-01 00:00:00-04:00,57.28499221801758,PFG
2020-06-01 00:00:00-04:00,126.10136413574219,PG
2021-06-01 00:00:00-04:00,126.01725006103516,PG
2020-06-01 00:00:00-04:00,87.7973403930664,PGR
2021-06-01 00:00:00-04:00,95.47489166259766,PGR
2020-06-01 00:00:00-04:00,93.03155517578125,PLD
2021-06-01 00:00:00-04:00,111.80352783203125,PLD
2020-06-01 00:00:00-04:00,56.744667053222656,PRU
2021-06-01 00:00:00-04:00,90.75550079345703,PRU
2020-06-01 00:00:00-04:00,91.41000366210938,PTC
2021-06-01 00:00:00-04:00,141.25999450683594,PTC
2020-06-01 00:00:00-04:00,45.81587219238281,PEG
2021-06-01 00:00:00-04:00,54.329490661621094,PEG
2020-06-01 00:00:00-04:00,180.48793029785156,PSA
2021-06-01 00:00:00-04:00,265.0804443359375,PSA
2020-06-01 00:00:00-04:00,42.7001838684082,PHM
2021-06-01 00:00:00-04:00,52.89617919921875,PHM
2020-06-01 00:00:00-04:00,55.508934020996094,PVH
2021-06-01 00:00:00-04:00,107.10553741455078,PVH
2020-06-01 00:00:00-04:00,128.27000427246094,QRVO
2021-06-01 00:00:00-04:00,195.64999389648438,QRVO
2020-06-01 00:00:00-04:00,109.57078552246094,QCOM
2021-06-01 00:00:00-04:00,134.4342041015625,QCOM
2020-06-01 00:00:00-04:00,50.765079498291016,PWR
2021-06-01 00:00:00-04:00,90.0495834350586,PWR
2020-06-01 00:00:00-04:00,103.39790344238281,DGX
2021-06-01 00:00:00-04:00,125.0145034790039,DGX
2020-06-01 00:00:00-04:00,64.03974151611328,RL
2021-06-01 00:00:00-04:00,109.61095428466797,RL
2020-06-01 00:00:00-04:00,47.63410186767578,RJF
2021-06-01 00:00:00-04:00,83.18714904785156,RJF
2020-06-01 00:00:00-04:00,55.87852096557617,RTX
2021-06-01 00:00:00-04:00,80.26958465576172,RTX
2020-06-01 00:00:00-04:00,50.643516540527344,O
2021-06-01 00:00:00-04:00,57.00741958618164,O
2020-06-01 00:00:00-04:00,34.30731201171875,REG
2021-06-01 00:00:00-04:00,57.41828155517578,REG
2020-06-01 00:00:00-04:00,619.9299926757812,REGN
2021-06-01 00:00:00-04:00,558.5399780273438,REGN
2020-06-01 00:00:00-04:00,9.970551490783691,RF
2021-06-01 00:00:00-04:00,18.169164657592773,RF
2020-06-01 00:00:00-04:00,87.54126739501953,RSG
2021-06-01 00:00:00-04:00,105.77674865722656,RSG
2020-06-01 00:00:00-04:00,175.2640380859375,RMD
2021-06-01 00:00:00-04:00,240.88418579101562,RMD
2020-06-01 00:00:00-04:00,49.49189758300781,RHI
2021-06-01 00:00:00-04:00,84.46611785888672,RHI
2020-06-01 00:00:00-04:00,217.11672973632812,ROK
2021-06-01 00:00:00-04:00,274.0814514160156,ROK
2020-06-01 00:00:00-04:00,35.24002456665039,ROL
2021-06-01 00:00:00-04:00,33.08692169189453,ROL
2020-06-01 00:00:00-04:00,418.326904296875,ROP
2021-06-01 00:00:00-04:00,462.90533447265625,ROP
2020-06-01 00:00:00-04:00,87.95466613769531,ROST
2021-06-01 00:00:00-04:00,120.02400207519531,ROST
2020-06-01 00:00:00-04:00,68.83999633789062,RCL
2021-06-01 00:00:00-04:00,85.27999877929688,RCL
2020-06-01 00:00:00-04:00,355.488037109375,SPGI
2021-06-01 00:00:00-04:00,401.48248291015625,SPGI
2020-06-01 00:00:00-04:00,272.6499938964844,CRM
2021-06-01 00:00:00-04:00,244.27000427246094,CRM
2020-06-01 00:00:00-04:00,295.7100524902344,SBAC
2021-06-01 00:00:00-04:00,310.2198486328125,SBAC
2020-06-01 00:00:00-04:00,17.612815856933594,SLB
2021-06-01 00:00:00-04:00,30.38118553161621,SLB
2020-06-01 00:00:00-04:00,41.235530853271484,STX
2021-06-01 00:00:00-04:00,79.67497253417969,STX
2020-06-01 00:00:00-04:00,36.98912048339844,SEE
2021-06-01 00:00:00-04:00,56.6567497253418,SEE
2020-06-01 00:00:00-04:00,49.211151123046875,SRE
2021-06-01 00:00:00-04:00,56.51655960083008,SRE
2020-06-01 00:00:00-04:00,482.0199890136719,NOW
2021-06-01 00:00:00-04:00,549.5499877929688,NOW
2020-06-01 00:00:00-04:00,216.82260131835938,SHW
2021-06-01 00:00:00-04:00,266.2870788574219,SHW
2020-06-01 00:00:00-04:00,54.42540740966797,SPG
2021-06-01 00:00:00-04:00,111.72358703613281,SPG
2020-06-01 00:00:00-04:00,135.48333740234375,SWKS
2021-06-01 00:00:00-04:00,181.6439666748047,SWKS
2020-06-01 00:00:00-04:00,135.54054260253906,SNA
2021-06-01 00:00:00-04:00,209.5503692626953,SNA
2020-06-01 00:00:00-04:00,45.276405334472656,SO
2021-06-01 00:00:00-04:00,54.77935791015625,SO
2020-06-01 00:00:00-04:00,36.55619812011719,LUV
2021-06-01 00:00:00-04:00,51.64365768432617,LUV
2020-06-01 00:00:00-04:00,146.3553924560547,SWK
2021-06-01 00:00:00-04:00,189.2383270263672,SWK
2020-06-01 00:00:00-04:00,78.22748565673828,SBUX
2021-06-01 00:00:00-04:00,105.46446228027344,SBUX
2020-06-01 00:00:00-04:00,60.43840789794922,STT
2021-06-01 00:00:00-04:00,75.2920913696289,STT
2020-06-01 00:00:00-04:00,154.3282470703125,STE
2021-06-01 00:00:00-04:00,201.70140075683594,STE
2020-06-01 00:00:00-04:00,190.02633666992188,SYK
2021-06-01 00:00:00-04:00,251.90423583984375,SYK
2020-06-01 00:00:00-04:00,22.463869094848633,SYF
2021-06-01 00:00:00-04:00,45.2376823425293,SYF
2020-06-01 00:00:00-04:00,221.3000030517578,SNPS
2021-06-01 00:00:00-04:00,275.7900085449219,SNPS
2020-06-01 00:00:00-04:00,54.595130920410156,SYY
2021-06-01 00:00:00-04:00,72.5213394165039,SYY
2020-06-01 00:00:00-04:00,116.17286682128906,TMUS
2021-06-01 00:00:00-04:00,144.2005157470703,TMUS
2020-06-01 00:00:00-04:00,120.44174194335938,TROW
2021-06-01 00:00:00-04:00,175.96066284179688,TROW
2020-06-01 00:00:00-04:00,171.19000244140625,TTWO
2021-06-01 00:00:00-04:00,177.02000427246094,TTWO
2020-06-01 00:00:00-04:00,13.617574691772461,TPR
2021-06-01 00:00:00-04:00,40.19634246826172,TPR
2020-06-01 00:00:00-04:00,140.2177276611328,TGT
2021-06-01 00:00:00-04:00,227.749755859375,TGT
2020-06-01 00:00:00-04:00,91.15972900390625,TEL
2021-06-01 00:00:00-04:00,129.77696228027344,TEL
2020-06-01 00:00:00-04:00,313.6099853515625,TDY
2021-06-01 00:00:00-04:00,418.8299865722656,TDY
2020-06-01 00:00:00-04:00,386.4639892578125,TFX
2021-06-01 00:00:00-04:00,396.5706481933594,TFX
2020-06-01 00:00:00-04:00,83.80085754394531,TER
2021-06-01 00:00:00-04:00,132.59292602539062,TER
2020-06-01 00:00:00-04:00,166.10667419433594,TSLA
2021-06-01 00:00:00-04:00,226.56666564941406,TSLA
2020-06-01 00:00:00-04:00,128.1205596923828,TXN
2021-06-01 00:00:00-04:00,177.80975341796875,TXN
2020-06-01 00:00:00-04:00,39.234039306640625,TXT
2021-06-01 00:00:00-04:00,68.55699920654297,TXT
2020-06-01 00:00:00-04:00,314.1944885253906,COO
2021-06-01 00:00:00-04:00,396.1078186035156,COO
2020-06-01 00:00:00-04:00,37.19072341918945,HIG
2021-06-01 00:00:00-04:00,58.540828704833984,HIG
2020-06-01 00:00:00-04:00,138.77784729003906,HSY
2021-06-01 00:00:00-04:00,166.04354858398438,HSY
2020-06-01 00:00:00-04:00,17.287761688232422,MOS
2021-06-01 00:00:00-04:00,30.58144187927246,MOS
2020-06-01 00:00:00-04:00,106.4035415649414,TRV
2021-06-01 00:00:00-04:00,140.88507080078125,TRV
2020-06-01 00:00:00-04:00,131.44161987304688,DIS
2021-06-01 00:00:00-04:00,175.1990203857422,DIS
2020-06-01 00:00:00-04:00,425.34259033203125,TMO
2021-06-01 00:00:00-04:00,501.2984619140625,TMO
2020-06-01 00:00:00-04:00,52.219398498535156,TJX
2021-06-01 00:00:00-04:00,64.73359680175781,TJX
2020-06-01 00:00:00-04:00,140.99032592773438,TSCO
2021-06-01 00:00:00-04:00,178.30555725097656,TSCO
2020-06-01 00:00:00-04:00,111.51559448242188,TT
2021-06-01 00:00:00-04:00,176.4932098388672,TT
2020-06-01 00:00:00-04:00,468.6194763183594,TDG
2021-06-01 00:00:00-04:00,607.0660400390625,TDG
2020-06-01 00:00:00-04:00,52.40999984741211,TRMB
2021-06-01 00:00:00-04:00,81.83000183105469,TRMB
2020-06-01 00:00:00-04:00,32.75783920288086,TFC
2021-06-01 00:00:00-04:00,48.57877731323242,TFC
2020-06-01 00:00:00-04:00,345.30999755859375,TYL
2021-06-01 00:00:00-04:00,452.3699951171875,TYL
2020-06-01 00:00:00-04:00,57.009849548339844,TSN
2021-06-01 00:00:00-04:00,68.69641876220703,TSN
2020-06-01 00:00:00-04:00,31.066619873046875,USB
2021-06-01 00:00:00-04:00,50.614437103271484,USB
2020-06-01 00:00:00-04:00,30.39985466003418,UDR
2021-06-01 00:00:00-04:00,44.430458068847656,UDR
2020-06-01 00:00:00-04:00,232.17999267578125,ULTA
2021-06-01 00:00:00-04:00,345.7699890136719,ULTA
2020-06-01 00:00:00-04:00,9.8100004196167,UAA
2021-06-01 00:00:00-04:00,21.149999618530273,UAA
2020-06-01 00:00:00-04:00,8.850000381469727,UA
2021-06-01 00:00:00-04:00,18.56999969482422,UA
2020-06-01 00:00:00-04:00,178.3327178955078,UNP
2021-06-01 00:00:00-04:00,207.73529052734375,UNP
2020-06-01 00:00:00-04:00,36.0,UAL
2021-06-01 00:00:00-04:00,52.290000915527344,UAL
2020-06-01 00:00:00-04:00,147.27081298828125,UPS
2021-06-01 00:00:00-04:00,191.6442413330078,UPS
2020-06-01 00:00:00-04:00,174.5809783935547,URI
2021-06-01 00:00:00-04:00,314.5613098144531,URI
2020-06-01 00:00:00-04:00,296.2289123535156,UNH
2021-06-01 00:00:00-04:00,385.4761657714844,UNH
2020-06-01 00:00:00-04:00,108.37427520751953,UHS
2021-06-01 00:00:00-04:00,144.02496337890625,UHS
2020-06-01 00:00:00-04:00,44.5701789855957,VLO
2021-06-01 00:00:00-04:00,70.48973083496094,VLO
2020-06-01 00:00:00-04:00,35.76744842529297,VTR
2021-06-01 00:00:00-04:00,51.605777740478516,VTR
2020-06-01 00:00:00-04:00,214.8000030517578,VRSN
2021-06-01 00:00:00-04:00,227.69000244140625,VRSN
2020-06-01 00:00:00-04:00,182.28619384765625,VRSK
2021-06-01 00:00:00-04:00,171.68089294433594,VRSK
2020-06-01 00:00:00-04:00,48.1887092590332,VZ
2021-06-01 00:00:00-04:00,47.5611572265625,VZ
2020-06-01 00:00:00-04:00,279.1199951171875,VRTX
2021-06-01 00:00:00-04:00,201.6300048828125,VRTX
2020-06-01 00:00:00-04:00,56.966156005859375,VFC
2021-06-01 00:00:00-04:00,72.92713165283203,VFC
2020-06-01 00:00:00-04:00,14.647772789001465,VTRS
2021-06-01 00:00:00-04:00,12.869599342346191,VTRS
2020-06-01 00:00:00-04:00,206.4565887451172,V
2021-06-01 00:00:00-04:00,229.091552734375,V
2020-06-01 00:00:00-04:00,29.966379165649414,VNO
2021-06-01 00:00:00-04:00,41.29450225830078,VNO
2020-06-01 00:00:00-04:00,116.35655975341797,VMC
2021-06-01 00:00:00-04:00,170.3619384765625,VMC
2020-06-01 00:00:00-04:00,38.404815673828125,WRB
2021-06-01 00:00:00-04:00,46.41030502319336,WRB
2020-06-01 00:00:00-04:00,348.08221435546875,GWW
2021-06-01 00:00:00-04:00,423.99053955078125,GWW
2020-06-01 00:00:00-04:00,65.1056900024414,WAB
2021-06-01 00:00:00-04:00,81.03135681152344,WAB
2020-06-01 00:00:00-04:00,31.902868270874023,WBA
2021-06-01 00:00:00-04:00,46.00712203979492,WBA
2020-06-01 00:00:00-04:00,131.5162811279297,WMT
2021-06-01 00:00:00-04:00,135.70394897460938,WMT
2020-06-01 00:00:00-04:00,106.9226303100586,WM
2021-06-01 00:00:00-04:00,133.95155334472656,WM
2020-06-01 00:00:00-04:00,216.25999450683594,WAT
2021-06-01 00:00:00-04:00,345.6099853515625,WAT
2020-06-01 00:00:00-04:00,84.43115997314453,WEC
2021-06-01 00:00:00-04:00,82.09813690185547,WEC
2020-06-01 00:00:00-04:00,22.220924377441406,WFC
2021-06-01 00:00:00-04:00,42.26091384887695,WFC
2020-06-01 00:00:00-04:00,51.292991638183594,WELL
2021-06-01 00:00:00-04:00,77.05451202392578,WELL
2020-06-01 00:00:00-04:00,281.5663757324219,WST
2021-06-01 00:00:00-04:00,356.88543701171875,WST
2020-06-01 00:00:00-04:00,38.41999816894531,WDC
2021-06-01 00:00:00-04:00,71.16999816894531,WDC
2020-06-01 00:00:00-04:00,19.031709671020508,WU
2021-06-01 00:00:00-04:00,19.273090362548828,WU
2020-06-01 00:00:00-04:00,27.566774368286133,WRK
2021-06-01 00:00:00-04:00,49.34650802612305,WRK
2020-06-01 00:00:00-04:00,26.214099884033203,WY
2021-06-01 00:00:00-04:00,30.097509384155273,WY
2020-06-01 00:00:00-04:00,155.43002319335938,WHR
2021-06-01 00:00:00-04:00,195.60159301757812,WHR
2020-06-01 00:00:00-04:00,16.564870834350586,WMB
2021-06-01 00:00:00-04:00,22.817415237426758,WMB
2020-06-01 00:00:00-04:00,86.76884460449219,WYNN
2021-06-01 00:00:00-04:00,121.34739685058594,WYNN
2020-06-01 00:00:00-04:00,62.3362922668457,XEL
2021-06-01 00:00:00-04:00,60.728050231933594,XEL
2020-06-01 00:00:00-04:00,76.92801666259766,XYL
2021-06-01 00:00:00-04:00,116.4017562866211,XYL
2020-06-01 00:00:00-04:00,89.93755340576172,YUM
2021-06-01 00:00:00-04:00,109.92843627929688,YUM
2020-06-01 00:00:00-04:00,286.5299987792969,ZBRA
2021-06-01 00:00:00-04:00,529.489990234375,ZBRA
2020-06-01 00:00:00-04:00,133.00546264648438,ZBH
2021-06-01 00:00:00-04:00,152.89434814453125,ZBH
2020-06-01 00:00:00-04:00,28.537778854370117,ZION
2021-06-01 00:00:00-04:00,48.37135696411133,ZION
2020-06-01 00:00:00-04:00,155.86593627929688,ZTS
2021-06-01 00:00:00-04:00,182.46640014648438,ZTS
